AppID,Name,Release date,Estimated owners,Peak CCU,Required age,Price,Discount,DLC count,About the game,Supported languages,Full audio languages,Reviews,Header image,Website,Support url,Support email,Windows,Mac,Linux,Metacritic score,Metacritic url,User score,Positive,Negative,Score rank,Achievements,Recommendations,Notes,Average playtime forever,Average playtime two weeks,Median playtime forever,Median playtime two weeks,Developers,Publishers,Categories,Genres,Tags,Screenshots,Movies
1903340,Clair Obscur: Expedition 33,"Apr 24, 2025",2000000 - 5000000,27880,17,39.99,20,4,"Once a year, the Paintress wakes and paints upon her monolith. Paints her cursed number. And everyone past that age turns to smoke and fades away. Year by year, that number ticks down and more of us are erased. Tomorrow she’ll wake and paint “33.” And tomorrow we depart on our final mission - Destroy the Paintress, so she can never paint death again. We are Expedition 33. Clair Obscur: Expedition 33 is a ground-breaking turn-based RPG with unique real-time mechanics, making battles more immersive and addictive than ever. Explore a fantasy world inspired by Belle Époque France in which you battle devastating enemies. In this evolution of JRPGs, real-time actions enhance the heart of turn-based combat. Craft unique builds for your Expeditioners that fit your playstyle via gear, stats, skills, and character synergies. Open an active dimension in combat - dodge, parry, and counter in real time, chain combos by mastering attack rhythms, and target enemy weak points using a free aim system. With only one year left to live, join Gustave, Maelle, and their fellow Expeditioners as they embark upon a desperate quest to break the Paintress’ cycle of death. Follow the trail of previous expeditions and discover their fate. Get to know the members of Expedition 33 as they learn to work together against impossible odds. Explore an enchanting realm populated by surreal adversaries. Wander through breathtaking landscapes, from the Island of Visages to the Forgotten Battlefield, discovering secrets and hidden quests along the way. Find allies of fortune in creatures of legend. Recruit special companions to access new travel methods and discover secret areas in the World Map. Experience the debut game from Sandfall Interactive, fully realized in Unreal Engine 5 with stunning graphics and a heartbreaking soundtrack.","['English', 'French', 'Italian', 'German', 'Spanish - Spain', 'Japanese', 'Korean', 'Polish', 'Portuguese - Brazil', 'Russian', 'Simplified Chinese', 'Traditional Chinese', 'Czech', 'Indonesian', 'Spanish - Latin America', 'Thai', 'Turkish', 'Ukrainian', 'Vietnamese']","['English', 'French', 'Vietnamese']",,https://shared.akamai.steamstatic.com/store_item_assets/steam/apps/1903340/0f2bb607ca3f9cc7c795818b955542d076b2bebf/header_alt_assets_0.jpg?t=1766050625,https://www.expedition33.com/,https://www.sandfall.co/,contact@sandfall.co,True,False,False,91,https://www.metacritic.com/game/pc/clair-obscur-expedition-33?ftag=MCD-06-10aaa1f,0,106216,4816,,55,150591,"The game features depictions of violence, blood and suicide, and imagery that some players may find disturbing. The game contains revealing outfits and light/stylistic partial nudity.",2168,581,1763,232,Sandfall Interactive,Kepler Interactive,"Single-player,Steam Achievements,Full controller support,Adjustable Text Size,Custom Volume Controls,Adjustable Difficulty,Stereo Sound,Subtitle Options,Surround Sound,Steam Cloud,Family Sharing","Action,RPG","Turn-Based Combat,Story Rich,Fantasy,RPG,Exploration,JRPG,Adventure,Lore-Rich,Singleplayer,Action RPG,Souls-like,Party-Based RPG,Dark Fantasy,Character Customization,3D,Post-apocalyptic,Great Soundtrack,Narration,Realistic,Action","https://shared.akamai.steamstatic.com/store_item_assets/steam/apps/1903340/ss_483a27df5072beb3a4650634a764bda750fbcb82.1920x1080.jpg?t=1766050625,https://shared.akamai.steamstatic.com/store_item_assets/steam/apps/1903340/ss_e49800e906e8a0f00707458c836567c933603bac.1920x1080.jpg?t=1766050625,https://shared.akamai.steamstatic.com/store_item_assets/steam/apps/1903340/ss_b8089016095e6a16e324a59c45b2f24a439bd0b3.1920x1080.jpg?t=1766050625,https://shared.akamai.steamstatic.com/store_item_assets/steam/apps/1903340/ss_8439c07d7b1f2fcfc6449db5f051f8d0867f4785.1920x1080.jpg?t=1766050625,https://shared.akamai.steamstatic.com/store_item_assets/steam/apps/1903340/ss_9e050e6a61a4d9f4fe54bc62c8c73da38e9a63b0.1920x1080.jpg?t=1766050625,https://shared.akamai.steamstatic.com/store_item_assets/steam/apps/1903340/ss_d3a10809f5cc2a8df7773f41acd1493f4fb900ec.1920x1080.jpg?t=1766050625,https://shared.akamai.steamstatic.com/store_item_assets/steam/apps/1903340/ss_ec16f873c7d14fc4a4f17966b25f9712dc486b4a.1920x1080.jpg?t=1766050625,https://shared.akamai.steamstatic.com/store_item_assets/steam/apps/1903340/ss_c130295c9e1169dc0c63eaae0618e64d06a88c92.1920x1080.jpg?t=1766050625,https://shared.akamai.steamstatic.com/store_item_assets/steam/apps/1903340/ss_0902af724ac45a9093dee022a7893dc50cbf555e.1920x1080.jpg?t=1766050625,https://shared.akamai.steamstatic.com/store_item_assets/steam/apps/1903340/ss_49ba857fef972f2584e41fa0b46cddbcda8aa30f.1920x1080.jpg?t=1766050625",
1091500,Cyberpunk 2077,"Dec 9, 2020",20000000 - 50000000,22265,17,20.99,65,3,,"['English', 'French', 'Italian', 'German', 'Spanish - Spain', 'Arabic', 'Czech', 'Hungarian', 'Japanese', 'Korean', 'Polish', 'Portuguese - Brazil', 'Russian', 'Simplified Chinese', 'Spanish - Latin America', 'Thai', 'Traditional Chinese', 'Turkish', 'Ukrainian']","['English', 'French', 'Italian', 'German', 'Spanish - Spain', 'Japanese', 'Korean', 'Polish', 'Portuguese - Brazil', 'Russian', 'Simplified Chinese', 'Ukrainian']",,https://shared.akamai.steamstatic.com/store_item_assets/steam/apps/1091500/e9047d8ec47ae3d94bb8b464fb0fc9e9972b4ac7/header.jpg?t=1766141193,https://www.cyberpunk.net,http://en.cdprojektred.com/support,,True,True,False,86,https://www.metacritic.com/game/pc/cyberpunk-2077?ftag=MCD-06-10aaa1f,0,713071,131850,,57,815149,"Cyberpunk 2077 contains strong language, intense violence, blood and gore, as well as nudity and sexual material.",4961,444,3213,111,CD PROJEKT RED,CD PROJEKT RED,"Single-player,Steam Achievements,Full controller support,Steam Trading Cards,Adjustable Text Size,Camera Comfort,Color Alternatives,Custom Volume Controls,Adjustable Difficulty,Playable without Timed Input,Save Anytime,Stereo Sound,Subtitle Options,Surround Sound,Steam Cloud,Family Sharing",RPG,"Cyberpunk,Open World,Nudity,RPG,Singleplayer,Sci-fi,FPS,Story Rich,Mature,Futuristic,First-Person,Atmospheric,Exploration,Action,Violent,Great Soundtrack,Action RPG,Adventure,Character Customization,Immersive Sim","https://shared.akamai.steamstatic.com/store_item_assets/steam/apps/1091500/ss_2f649b68d579bf87011487d29bc4ccbfdd97d34f.1920x1080.jpg?t=1766141193,https://shared.akamai.steamstatic.com/store_item_assets/steam/apps/1091500/ss_0e64170751e1ae20ff8fdb7001a8892fd48260e7.1920x1080.jpg?t=1766141193,https://shared.akamai.steamstatic.com/store_item_assets/steam/apps/1091500/ss_af2804aa4bf35d4251043744412ce3b359a125ef.1920x1080.jpg?t=1766141193,https://shared.akamai.steamstatic.com/store_item_assets/steam/apps/1091500/ss_7924f64b6e5d586a80418c9896a1c92881a7905b.1920x1080.jpg?t=1766141193,https://shared.akamai.steamstatic.com/store_item_assets/steam/apps/1091500/ss_4eb068b1cf52c91b57157b84bed18a186ed7714b.1920x1080.jpg?t=1766141193,https://shared.akamai.steamstatic.com/store_item_assets/steam/apps/1091500/ss_b529b0abc43f55fc23fe8058eddb6e37c9629a6a.1920x1080.jpg?t=1766141193,https://shared.akamai.steamstatic.com/store_item_assets/steam/apps/1091500/ss_8640d9db74f7cad714f6ecfb0e1aceaa3f887e58.1920x1080.jpg?t=1766141193,https://shared.akamai.steamstatic.com/store_item_assets/steam/apps/1091500/ss_9284d1c5b248726760233a933dbb83757d7d5d95.1920x1080.jpg?t=1766141193,https://shared.akamai.steamstatic.com/store_item_assets/steam/apps/1091500/ss_4bda6f67580d94832ed2d5814e41ebe018ba1d9e.1920x1080.jpg?t=1766141193,https://shared.akamai.steamstatic.com/store_item_assets/steam/apps/1091500/ss_e5a94665dbfa5a30931cff2f45cdc0ebea9fcebb.1920x1080.jpg?t=1766141193,https://shared.akamai.steamstatic.com/store_item_assets/steam/apps/1091500/ss_429db1d013a0366417d650d84f1eff02d1a18c2d.1920x1080.jpg?t=1766141193,https://shared.akamai.steamstatic.com/store_item_assets/steam/apps/1091500/ss_872822c5e50dc71f345416098d29fc3ae5cd26c1.1920x1080.jpg?t=1766141193,https://shared.akamai.steamstatic.com/store_item_assets/steam/apps/1091500/ss_ae4465fa8a44dd330dbeb7992ba196c2f32cabb1.1920x1080.jpg?t=1766141193,https://shared.akamai.steamstatic.com/store_item_assets/steam/apps/1091500/ss_f79fda81e6f3a37e0978054102102d71840f8b57.1920x1080.jpg?t=1766141193,https://shared.akamai.steamstatic.com/store_item_assets/steam/apps/1091500/ss_bb1a60b8e5061caef7208369f42c5c9d574c9ac4.1920x1080.jpg?t=1766141193,https://shared.akamai.steamstatic.com/store_item_assets/steam/apps/1091500/ss_a0c4e4015b5cf766d19bf97eee8b086183510e04.1920x1080.jpg?t=1766141193,https://shared.akamai.steamstatic.com/store_item_assets/steam/apps/1091500/ss_b20689e73e3ac19bcc5fad2c18d0353c769de144.1920x1080.jpg?t=1766141193,https://shared.akamai.steamstatic.com/store_item_assets/steam/apps/1091500/ss_ff3d920e254d18aa2a25d3765ac2ebe845efd208.1920x1080.jpg?t=1766141193,https://shared.akamai.steamstatic.com/store_item_assets/steam/apps/1091500/ss_0002f18563d313bdd1d82c725d411408ebf762b0.1920x1080.jpg?t=1766141193,https://shared.akamai.steamstatic.com/store_item_assets/steam/apps/1091500/ss_526123764d1c628caa1eb62c596f1b732f416c8c.1920x1080.jpg?t=1766141193,https://shared.akamai.steamstatic.com/store_item_assets/steam/apps/1091500/ss_284ba40590de8f604ae693631c751a0aefdc452e.1920x1080.jpg?t=1766141193,https://shared.akamai.steamstatic.com/store_item_assets/steam/apps/1091500/ss_9beef14102f164fa1163536d0fb3a51d0a2e4a3f.1920x1080.jpg?t=1766141193",
632470,Disco Elysium - The Final Cut,"Oct 15, 2019",2000000 - 5000000,918,0,3.99,90,2,"Disco Elysium - The Final Cut is the definitive edition of the groundbreaking role playing game. You’re a detective with a unique skill system at your disposal and a whole city block to carve your path across. Interrogate unforgettable characters, crack murders, or take bribes. Become a hero or an absolute disaster of a human being. Full voice acting. All of the city's beautiful people are brought to life with full English voiceover. Play characters against each other, try to help them, or fall hopelessly in love as each word is spoken to you with the appropriate accent and emotion. New political vision quests. Face the reality of your worldview as your political compass leads you down new paths. Discover more citizens, a whole extra area, and monumental sights as you leave an even bigger mark on the world by chasing your dreams. Unprecedented freedom of choice​. Intimidate, sweet-talk, resort to violence, write poetry, sing karaoke, dance like a beast, or solve the meaning of life. Disco Elysium - The Final Cut is the most faithful representation of desktop role playing ever attempted in video games. Countless tools for role playing. ​ Mix and match from 24 wildly different skills. Develop a personal style with over 80 clothing items. Wield 14 tools from guns to flashlights to a boombox, or pour yourself a cocktail of 6 different psychoactive substances. Develop your character even further with 60 wild ​thoughts ​to think – with the detective's Thought Cabinet. A revolutionary dialogue system with unforgettable characters. ​The world is alive with real people, not extras. Ask probing questions, make insightful observations, or express your wildest desires as you play cop or something completely different. Disco Elysium's revolutionary dialogue system lets you do almost anything. Carve your unique path across the city​. Explore, manipulate, collect tare, or become a millionaire in an open world unlike anything you've seen before. The city of Revachol is yours for the taking, one small piece at a time. From the streets to the beaches – and beyond. Hard boiled, hard core. ​Death, sex, taxes, and disco – nothing is off the table. Revachol is a real place with real challenges. Solve a massive murder investigation, or relax and kick back with sprawling side-cases. The detective decides, the citizens abide.","['English', 'Simplified Chinese', 'Spanish - Spain', 'Korean', 'Portuguese - Brazil', 'French', 'German', 'Traditional Chinese', 'Russian', 'Polish', 'Japanese', 'Turkish', 'Arabic']","['English', 'Arabic']","“Powerful, poetic, haunting, and hilarious.” 10/10 – Gamespot “The Final Cut elevates Disco Elysium from an already phenomenal RPG to a true must-play masterpiece.” 10/10 – IGN “The voice acting in Disco Elysium - The Final Cut makes the best RPG on PC even better” 92/100 – PC Gamer",https://shared.akamai.steamstatic.com/store_item_assets/steam/apps/632470/header.jpg?t=1766855203,http://www.zaumstudio.com,http://www.zaumstudio.com,,True,True,False,97,https://www.metacritic.com/game/pc/disco-elysium-the-final-cut?ftag=MCD-06-10aaa1f,0,104010,7702,,45,109347,The game contains instances of substance abuse and exploration of crime scenes.,1026,194,369,72,ZA/UM,ZA/UM,"Single-player,Steam Achievements,Full controller support,Steam Trading Cards,Steam Cloud,Remote Play on Tablet,Family Sharing",RPG,"RPG,Story Rich,Choices Matter,Detective,Isometric,Atmospheric,Singleplayer,Point & Click,CRPG,Noir,Political,Surreal,Visual Novel,Exploration,Funny,Indie,Adventure,Open World,Character Customization,Sexual Content","https://shared.akamai.steamstatic.com/store_item_assets/steam/apps/632470/ss_b3694e99ffdb686d1bbbbe16a540d3d2ccd509c4.1920x1080.jpg?t=1766855203,https://shared.akamai.steamstatic.com/store_item_assets/steam/apps/632470/ss_9125a718ee9ba85386ae5d4eb820f3266073fc97.1920x1080.jpg?t=1766855203,https://shared.akamai.steamstatic.com/store_item_assets/steam/apps/632470/ss_4f5fdc3cf42feca8dafb1f7d2910ef96e62708a2.1920x1080.jpg?t=1766855203,https://shared.akamai.steamstatic.com/store_item_assets/steam/apps/632470/ss_fc6969799ebf19fd2a2c8a986c9419e053606a17.1920x1080.jpg?t=1766855203,https://shared.akamai.steamstatic.com/store_item_assets/steam/apps/632470/ss_dec29c440fab2f7817d68c1380c019290eb1755e.1920x1080.jpg?t=1766855203,https://shared.akamai.steamstatic.com/store_item_assets/steam/apps/632470/ss_ab38615b3a1d0d4309f06772db4bd9db5c250ef7.1920x1080.jpg?t=1766855203,https://shared.akamai.steamstatic.com/store_item_assets/steam/apps/632470/ss_81ea48324fbac48a00e482781be56cd57d796620.1920x1080.jpg?t=1766855203,https://shared.akamai.steamstatic.com/store_item_assets/steam/apps/632470/ss_0813f92720c59a5d21ed2d3291b8156bb4cb0fc8.1920x1080.jpg?t=1766855203,https://shared.akamai.steamstatic.com/store_item_assets/steam/apps/632470/ss_b1205caa224a0dea0d141c2d6f7db4240cd5dbb7.1920x1080.jpg?t=1766855203,https://shared.akamai.steamstatic.com/store_item_assets/steam/apps/632470/ss_23836438cd455287232be5ae9c4f48d5c488967b.1920x1080.jpg?t=1766855203,https://shared.akamai.steamstatic.com/store_item_assets/steam/apps/632470/ss_1733c149b614b835785ef48c2468b1e215f5c1ef.1920x1080.jpg?t=1766855203,https://shared.akamai.steamstatic.com/store_item_assets/steam/apps/632470/ss_d1556020c2c605230f9f70291d2cde1ba9d38f55.1920x1080.jpg?t=1766855203,https://shared.akamai.steamstatic.com/store_item_assets/steam/apps/632470/ss_0e2e63476bbf0736f3dccb03633d5af793d64b4b.1920x1080.jpg?t=1766855203,https://shared.akamai.steamstatic.com/store_item_assets/steam/apps/632470/ss_fbd29930bbad721ce251391d5ec622917b416aed.1920x1080.jpg?t=1766855203,https://shared.akamai.steamstatic.com/store_item_assets/steam/apps/632470/ss_60a5f4144156eda140e6c9bbf6f0d440e1b1aa17.1920x1080.jpg?t=1766855203,https://shared.akamai.steamstatic.com/store_item_assets/steam/apps/632470/ss_066e819168ec49dbee47fa128fb2ac756e89f569.1920x1080.jpg?t=1766855203,https://shared.akamai.steamstatic.com/store_item_assets/steam/apps/632470/ss_ef8e3eca9fb67d94d8a3fb7b7934de5ccdeed4dd.1920x1080.jpg?t=1766855203",
541640,Disney Infinity 1.0: Gold Edition,"Dec 9, 2016",20000 - 50000,5,0,10.49,65,0,"Disney Infinity 1.0: Gold Edition gives you the freedom and endless opportunity to create stories and play experiences with all Disney Infinity 1.0 Characters and Play Sets Unlocked and ready for you to mix, match and mash up to invent just about any adventure you can imagine. All Disney Infinity 1.0 Playsets Unlocked: - The Incredibles - Pirates of the Carribean - Toy Story in Space - Cars - And More... All Disney Infinity 1.0 Characters Unlocked: - Anna &amp; Elsa - Lightning McQueen - Captain Jack Sparrow - Buzz Lightyear - Jack Skellington - Sorcerer's Apprentice Mickey - And More... Enjoy Disney Infinity with a Full Toy Box!","['English', 'French', 'German', 'Spanish - Spain', 'Portuguese - Brazil']","['English', 'French', 'German', 'Spanish - Spain', 'Portuguese - Brazil']",,https://shared.akamai.steamstatic.com/store_item_assets/steam/apps/541640/header.jpg?t=1571776415,,http://help.disney.com/en_US/Games/Steam,,True,False,False,0,,0,490,51,,0,445,,164,0,252,0,"Avalanche Software,Heavy Iron Studios",Disney,"Single-player,Partial Controller Support,Steam Cloud,Family Sharing","Action,Adventure","Action,Adventure,Sandbox,Open World,Family Friendly,Singleplayer","https://shared.akamai.steamstatic.com/store_item_assets/steam/apps/541640/ss_41b92b2d362f71446c9b37ab12e06a7c11a8b8f7.1920x1080.jpg?t=1571776415,https://shared.akamai.steamstatic.com/store_item_assets/steam/apps/541640/ss_b21f755be0e520e04c82754c475d0e8b7f0b3b96.1920x1080.jpg?t=1571776415,https://shared.akamai.steamstatic.com/store_item_assets/steam/apps/541640/ss_cc11e7c22a9e333a3fa1a8774b36ca96d5cb7efb.1920x1080.jpg?t=1571776415,https://shared.akamai.steamstatic.com/store_item_assets/steam/apps/541640/ss_88008eb5f32eb1753202e8ef5c4eaa378e04458c.1920x1080.jpg?t=1571776415,https://shared.akamai.steamstatic.com/store_item_assets/steam/apps/541640/ss_314779940f3a862a0a3fa6bc99a3520a624abf6f.1920x1080.jpg?t=1571776415",
541660,Disney Infinity 2.0: Gold Edition,"Dec 9, 2016",0 - 20000,5,0,10.49,65,0,"Heroes and Villains. Sorcerers and Superheroes. Princesses and Pirates. For generations, Disney storytelling and Marvel adventures have sparked our imaginations with characters and worlds of magic, action and wonder. Now, Disney Infinity 2.0: Gold Edition invites you to enter those worlds with all Disney Infinity 2.0 Characters and Playsets Unlocked for to fully enjoy in game experiences only Disney, Marvel - and your imagination - can bring to life. All Disney Infinity 2.0 Playsets Unlocked: - Avengers - Spider-Man - Guardians of the Galaxy All Disney Infinity 2.0 Characters Unlocked: - Hulk - Iron Man - Black Widow - Captain America - Groot &amp; Rocket Raccoon - Donald Duck - Aladdin - All Disney Infinity 1.0 Characters - And More... Enjoy Disney Infinity with a Full Toy Box!","['English', 'French', 'German', 'Spanish - Spain', 'Portuguese - Brazil', 'Russian']","['English', 'French', 'German', 'Spanish - Spain', 'Portuguese - Brazil', 'Russian']",,https://shared.akamai.steamstatic.com/store_item_assets/steam/apps/541660/header.jpg?t=1571776448,,http://help.disney.com/en_US/Games/Steam,,True,False,False,0,,0,396,37,,0,342,,179,0,238,0,"Avalanche Software,Heavy Iron Studios",Disney,"Single-player,Partial Controller Support,Steam Cloud,Family Sharing","Action,Adventure","Action,Adventure,Multiplayer,Sandbox,Open World,Superhero,Family Friendly","https://shared.akamai.steamstatic.com/store_item_assets/steam/apps/541660/ss_9bdea1a9035469addba29e83a2a8c701091809f8.1920x1080.jpg?t=1571776448,https://shared.akamai.steamstatic.com/store_item_assets/steam/apps/541660/ss_60305e73b55b6a8b47ce75335394d3b21a30d36a.1920x1080.jpg?t=1571776448,https://shared.akamai.steamstatic.com/store_item_assets/steam/apps/541660/ss_295d022cee190b38fb494660b3561c21add05b57.1920x1080.jpg?t=1571776448,https://shared.akamai.steamstatic.com/store_item_assets/steam/apps/541660/ss_bd98a84b56543e7efe39c1149a8d57b302d7c699.1920x1080.jpg?t=1571776448,https://shared.akamai.steamstatic.com/store_item_assets/steam/apps/541660/ss_0d726106e4245be4bef4d53bdcae2795883db71b.1920x1080.jpg?t=1571776448",
541670,Disney Infinity 3.0: Gold Edition,"Dec 9, 2016",50000 - 100000,18,0,10.49,0,0,"Disney Infinity 3.0: Gold Edition includes Star Wars™ to the ever-growing collection of Marvel, Disney and Disney•Pixar characters, stories and worlds NOW with all Disney Infinity Characters and Playsets Unlocked. Together new heroes can join forces with all other Disney Infinity characters and embark on adventures as big as your imagination in the 3.0 Toy Box! Disney Infinity encourages you to play your way, whether you explore open-world creation in the Toy Box or story-driven gameplay inside Play Sets! All Disney Infinity 3.0 Playsets Unlocked: - Twilight of the Republic - Rise Against the Empire - The Force Awakens - And More... All Disney Infinity 3.0 Characters Unlocked: - Rey - Yoda - Chewbacca - Han Solo - Darth Vader - Hulkbuster - Ultron - Iron Man - Olaf - All Disney Infinity 1.0 Characters - All Disney Infinity 2.0 Characters - And More... Enjoy Disney Infinity with a Full Toy Box!","['English', 'French', 'German', 'Spanish - Spain', 'Dutch', 'Polish']","['English', 'French', 'German', 'Spanish - Spain', 'Dutch', 'Polish']",,https://shared.akamai.steamstatic.com/store_item_assets/steam/apps/541670/header.jpg?t=1571776454,,http://help.disney.com/en_US/Games/Steam,,True,False,False,0,,0,1092,154,,0,972,,517,387,309,671,"Avalanche Software,Heavy Iron Studios",Disney,"Single-player,Full controller support,Steam Cloud,Family Sharing","Action,Adventure","Adventure,Action,Sandbox,Family Friendly,Open World,Multiplayer,Racing,Building,Third Person,Fantasy","https://shared.akamai.steamstatic.com/store_item_assets/steam/apps/541670/ss_b98fa7c31a6d67938ca917c0d75ed606fd134080.1920x1080.jpg?t=1571776454,https://shared.akamai.steamstatic.com/store_item_assets/steam/apps/541670/ss_58639468eae917562b58c6a36eb5744db4e3c2a8.1920x1080.jpg?t=1571776454,https://shared.akamai.steamstatic.com/store_item_assets/steam/apps/541670/ss_e6e19e5a7bd28beae37f85451632043162a5a488.1920x1080.jpg?t=1571776454,https://shared.akamai.steamstatic.com/store_item_assets/steam/apps/541670/ss_7df834eb0548105dfe6a2ba840eabece4d5ede92.1920x1080.jpg?t=1571776454,https://shared.akamai.steamstatic.com/store_item_assets/steam/apps/541670/ss_d2642d50697aaf5b0f6a4b23ad214a9539572366.1920x1080.jpg?t=1571776454",
383870,Firewatch,"Feb 9, 2016",2000000 - 5000000,81,0,3.99,80,1,"Firewatch is a single-player first-person mystery set in the Wyoming wilderness. The year is 1989. You are a man named Henry who has retreated from his messy life to work as a fire lookout in the Wyoming wilderness. Perched high atop a mountain, it’s your job to look for smoke and keep the wilderness safe. An especially hot, dry summer has everyone on edge. Your supervisor Delilah is available to you at all times over a small, handheld radio—your only contact with the world you've left behind. But when something strange draws you out of your lookout tower and into the forest, you’ll explore a wild and unknown environment, facing questions and making choices that can build or destroy the only meaningful relationship you have. A Note: Firewatch is a video game about adults having adult conversations about adult things. If you plan on playing with a younger gamer, that might be good to know going in. Includes A stunningly beautiful wilderness environment that expands as you explore. A tailor-made story: the choices you make shape the narrative and build relationships. An edge-of-your-seat mystery. Secrets and discoveries to be made over every hill. Featuring Living, breathing characters brought to life by Cissy Jones ( The Walking Dead: Season 1 ) and Rich Sommer ( Mad Men ) A spectacular wilderness environment by Olly Moss ( Illustrator ) and Jane Ng ( The Cave , Brutal Legend ) A thrilling story and script by Sean Vanaman and Jake Rodkin ( The Walking Dead: Season 1 , Poker Night at the Inventory ) A stirring original soundtrack by Chris Remo ( Gone Home ) Fluid first-person animation by James Benson ( Ori &amp; The Blind Forest ) Gameplay scripting and design work by Patrick Ewing ( Twitter ) and Nels Anderson ( Mark of the Ninja ) Programming by Will Armstrong ( Bioshock II ), Ben Burbank ( Costume Quest 2 , Space Base DF-9 ), and Paolo Surricchio ( Deadpool , Call of Duty Advanced Warfare )","['English', 'Russian', 'French', 'German', 'Spanish - Spain', 'Simplified Chinese', 'Japanese']","['English', 'Japanese']","“Firewatch is a rare and beautiful creation, that expands the possibilities for how a narrative game can be presented, without bombast or gimmick.” Rock, Paper, Shotgun “Firewatch, then – on the strength of its gripping story, brilliant branching script, wholly convincing voice-acting performances, and stunning art direction – is easily one of my favorite and most memorable game experiences of this decade.” 9.3 – IGN “Gorgeous and clever, Campo Santo's debut is a triumph of craft.” Eurogamer",https://shared.akamai.steamstatic.com/store_item_assets/steam/apps/383870/41a7d0ff4c2dab4ed69c53c9a29c931e6f62948d/header.jpg?t=1755789801,http://www.firewatchgame.com,https://library.panic.com/firewatch/,support@firewatchgame.com,True,True,True,81,https://www.metacritic.com/game/pc/firewatch?ftag=MCD-06-10aaa1f,0,81777,8661,,10,89385,,253,301,242,301,Campo Santo,"Panic,Campo Santo","Single-player,Steam Achievements,Full controller support,Steam Trading Cards,Steam Cloud,Remote Play on Phone,Remote Play on Tablet,Remote Play on TV,Family Sharing","Adventure,Indie","Adventure,Atmospheric,Story Rich,Walking Simulator,Mystery,First-Person,Singleplayer,Exploration,Open World,Indie,Great Soundtrack,Short,Horror,Comedy,Drama,Funny,Colorful,Thriller,Mature,Casual","https://shared.akamai.steamstatic.com/store_item_assets/steam/apps/383870/ss_80432f2d4f4192017115c23e7dff090df95b204a.1920x1080.jpg?t=1755789801,https://shared.akamai.steamstatic.com/store_item_assets/steam/apps/383870/ss_c7e16bc8d5a6d40ab1f7c339395d26d8f6eb57ff.1920x1080.jpg?t=1755789801,https://shared.akamai.steamstatic.com/store_item_assets/steam/apps/383870/ss_570bc87288b5ab4e235ba270e1d2ae30312d5b82.1920x1080.jpg?t=1755789801,https://shared.akamai.steamstatic.com/store_item_assets/steam/apps/383870/ss_eb64648f294463df89e55f9363cdf159aebcf11e.1920x1080.jpg?t=1755789801,https://shared.akamai.steamstatic.com/store_item_assets/steam/apps/383870/ss_4b9d67ae2af0da570d03731d93b095d0203b973d.1920x1080.jpg?t=1755789801,https://shared.akamai.steamstatic.com/store_item_assets/steam/apps/383870/ss_634d9b9352169125aec4cbf8b7834a18f9992eeb.1920x1080.jpg?t=1755789801,https://shared.akamai.steamstatic.com/store_item_assets/steam/apps/383870/ss_579625fc1a86097d03b5e07195cca84e34a06fb9.1920x1080.jpg?t=1755789801",
1546970,Grand Theft Auto III – The Definitive Edition,"Jan 19, 2023",500000 - 1000000,61,17,19.79,67,0,"Experience the epic open world adventure that started it all updated for a new generation with across-the-board enhancements including brilliant new lighting and environmental upgrades, with high-resolution textures, increased draw distance, Grand Theft Auto V-style controls and targeting, and much more, bringing these beloved worlds to life with all new levels of detail. It all starts in Liberty City. With revolutionary freedom to go anywhere and jack anyone, Grand Theft Auto III puts the center of the criminal underworld at your fingertips, if you have enough guts to take it. Developed by Rockstar Games, adapted by Grove Street Games.","['English', 'French', 'Italian', 'German', 'Spanish - Spain', 'Japanese', 'Korean', 'Polish', 'Portuguese - Brazil', 'Russian', 'Simplified Chinese', 'Spanish - Latin America', 'Traditional Chinese']","['English', 'Traditional Chinese']",,https://shared.akamai.steamstatic.com/store_item_assets/steam/apps/1546970/header.jpg?t=1741117830,,https://support.rockstargames.com/,,True,False,False,0,,0,2801,1416,,29,5239,,484,30,234,30,Rockstar Games,Rockstar Games,"Single-player,Full controller support,Family Sharing","Action,Adventure","Action,Open World,Third-Person Shooter,Adventure,Action-Adventure,Third Person,Crime,Singleplayer,Violent,Combat,Sexual Content,Classic,Psychological Horror","https://shared.akamai.steamstatic.com/store_item_assets/steam/apps/1546970/ss_47413745fbfbe027f1e9f0695caaf242e802d4ea.1920x1080.jpg?t=1741117830,https://shared.akamai.steamstatic.com/store_item_assets/steam/apps/1546970/ss_56f78f530f5bfea0395380ba23cc67cbc0fdc0b0.1920x1080.jpg?t=1741117830,https://shared.akamai.steamstatic.com/store_item_assets/steam/apps/1546970/ss_6e9a00039b77e086aac76d4a915c274924203ffb.1920x1080.jpg?t=1741117830,https://shared.akamai.steamstatic.com/store_item_assets/steam/apps/1546970/ss_c4a966ca6957a1a73b9aa5e15b6b6d29bab80222.1920x1080.jpg?t=1741117830,https://shared.akamai.steamstatic.com/store_item_assets/steam/apps/1546970/ss_b9f06c9611dd13c055fca6d6d0b1d57fe27b2b75.1920x1080.jpg?t=1741117830",
12210,Grand Theft Auto IV: The Complete Edition,"Mar 24, 2020",5000000 - 10000000,2122,17,5.99,70,0,"Niko Bellic, Johnny Klebitz, and Luis Lopez all have one thing in common – they live in the worst city in America. Liberty City worships money and status, and is heaven for those who have them and a living nightmare for those who don’t. Niko is looking to escape his past and make a new life for himself in the land of opportunity. Johnny, a veteran member of The Lost biker gang, is caught in the middle of a vicious turf war with rival gangs for control of the city. Luis, part-time hoodlum and full-time assistant to legendary nightclub impresario Tony Prince (a.k.a. “Gay Tony”), is struggling with the competing loyalties of family and friends in a world in which everyone has a price. Their lives cross paths with devastating consequences as they fight to survive in a city torn apart by violence and corruption. The Complete Edition includes Grand Theft Auto IV and the Episodes – The Lost and Damned &amp; The Ballad of Gay Tony.","['English', 'French', 'Italian', 'German', 'Spanish - Spain']","['English', 'Spanish - Spain']",,https://shared.akamai.steamstatic.com/store_item_assets/steam/apps/12210/header.jpg?t=1721061564,http://www.rockstargames.com/iv,https://support.rockstargames.com/,,True,False,False,90,https://www.metacritic.com/game/pc/grand-theft-auto-iv?ftag=MCD-06-10aaa1f,0,144493,30691,,55,163684,,1703,317,695,111,"Rockstar North,Rockstar Toronto",Rockstar Games,"Single-player,Multi-player,Partial Controller Support,Remote Play on Phone,Remote Play on Tablet","Action,Adventure","Open World,Action,Automobile Sim,Multiplayer,Crime,Third Person,Adventure,Singleplayer,Third-Person Shooter,Moddable,Sandbox,Shooter,Physics,Atmospheric,Classic,Dark Humor,Funny,Gore,Satire,Co-op","https://shared.akamai.steamstatic.com/store_item_assets/steam/apps/12210/0000006360.1920x1080.jpg?t=1721061564,https://shared.akamai.steamstatic.com/store_item_assets/steam/apps/12210/0000006361.1920x1080.jpg?t=1721061564,https://shared.akamai.steamstatic.com/store_item_assets/steam/apps/12210/0000006362.1920x1080.jpg?t=1721061564,https://shared.akamai.steamstatic.com/store_item_assets/steam/apps/12210/0000006363.1920x1080.jpg?t=1721061564,https://shared.akamai.steamstatic.com/store_item_assets/steam/apps/12210/0000006364.1920x1080.jpg?t=1721061564,https://shared.akamai.steamstatic.com/store_item_assets/steam/apps/12210/0000006365.1920x1080.jpg?t=1721061564,https://shared.akamai.steamstatic.com/store_item_assets/steam/apps/12210/0000006366.1920x1080.jpg?t=1721061564,https://shared.akamai.steamstatic.com/store_item_assets/steam/apps/12210/0000006367.1920x1080.jpg?t=1721061564,https://shared.akamai.steamstatic.com/store_item_assets/steam/apps/12210/0000006368.1920x1080.jpg?t=1721061564,https://shared.akamai.steamstatic.com/store_item_assets/steam/apps/12210/0000006369.1920x1080.jpg?t=1721061564,https://shared.akamai.steamstatic.com/store_item_assets/steam/apps/12210/0000006371.1920x1080.jpg?t=1721061564,https://shared.akamai.steamstatic.com/store_item_assets/steam/apps/12210/0000006372.1920x1080.jpg?t=1721061564,https://shared.akamai.steamstatic.com/store_item_assets/steam/apps/12210/0000006373.1920x1080.jpg?t=1721061564,https://shared.akamai.steamstatic.com/store_item_assets/steam/apps/12210/0000006374.1920x1080.jpg?t=1721061564",
3240220,Grand Theft Auto V Enhanced,"Mar 4, 2025",5000000 - 10000000,39502,17,14.99,50,0,"Welcome to Los Santos When a young street hustler, a retired bank robber, and a terrifying psychopath find themselves entangled with some of the most frightening and deranged elements of the criminal underworld, the U.S. government, and the entertainment industry, they must pull off a series of dangerous heists to survive in a ruthless city in which they can trust nobody — least of all each other. Current PC players can transfer both GTAV Story Mode progress and GTA Online characters and progression with a one-time migration from the legacy version of GTAV to GTAV Enhanced. Stunning Visuals Enhanced levels of fidelity and performance with new graphics modes including ray tracing features such as ambient occlusion and global illumination, ray traced shadows and reflections, support for AMD FSR and NVIDIA DLSS, and more.* Faster Loading Quicker access to the action as the world of Los Santos and Blaine County load in faster than ever before by using SSD and DirectStorage on supported devices. Immersive Controls Feel new levels of responsiveness with dynamic resistance via the Adaptive Triggers on the DualSense™ wireless controller, from directional damage to weather effects, rough road surfaces to explosions, and much more.* 3D Audio Enhanced audio with support for Dolby Atmos and improved fidelity of speech, cinematics, and music.* Hear the sounds of the world with pinpoint precision: the throttle of a stolen supercar, the rattle of neighboring gunfire, the roar of a helicopter overhead, and more. Grand Theft Auto Online Experience GTA Online, a dynamic and ever-evolving online universe for up to 30 players, where you can rise from street-level hustler to become a kingpin of your own criminal empire. Enjoy new high-performance vehicle upgrades and improvements like the Career Builder as well as all GTA Online gameplay upgrades, expansions, and content released since launch, ready to enjoy solo or with friends. Pull off daring co-operative Heists, enter adrenaline-fueled Stunt Races, compete in unique Adversary Modes, or hang out in social spaces including nightclubs, arcades, penthouse parties, car meetups, and much more. Exclusive Content Step into Hao’s Special Works at the Los Santos Car Meet, featuring elite new upgrades and exclusive modifications. Then take these high-performance vehicles into HSW races, new time trials, and more. New Career Builder Get started in GTA Online with the tools of the trade. Quickly choose from one of four businesses — Biker, Executive, Nightclub Owner, or Gunrunner — and select from properties, powerhouse vehicles, and weaponry to kick-start your enterprise. New Menu Design Immediately access everything GTA Online has to offer right from the main menu, including the latest and most popular updates. Access to All Current and Previous Updates Dive into more than 40 massive updates with more to come, featuring everything from running a covert ops installation in Agents of Sabotage, to tracking down and dragging in Southern San Andreas' most wanted in Bottom Dollar Bounties; exposing corrupt cops and killer cartels in The Cluckin' Bell Farm Raid, to daring robberies of the most coveted vehicles in Los Santos in The Chop Shop. All this and more available alongside a wide range of races, modes, activities, and social spaces to enjoy solo or with friends — including nightclubs, arcades, penthouse parties, car meetups, and much more.","['English', 'French', 'Italian', 'German', 'Spanish - Spain', 'Japanese', 'Korean', 'Polish', 'Portuguese - Brazil', 'Russian', 'Simplified Chinese', 'Spanish - Latin America', 'Traditional Chinese']","['English', 'Traditional Chinese']",,https://shared.akamai.steamstatic.com/store_item_assets/steam/apps/3240220/header.jpg?t=1765479644,https://www.rockstargames.com/V/,www.rockstargames.com/support,,True,False,False,0,,0,38595,17286,,77,121908,"This game may contain content not appropriate for all ages, or may not be appropriate for viewing at work: Blood and Gore, Intense Violence, Nudity, Strong Language, Strong Sexual Content, Use of Drugs and Alcohol, and contains User Interactions and In-Game Purchases.",1499,558,291,202,Rockstar North,Rockstar Games,"Single-player,Multi-player,PvP,Online PvP,Co-op,Online Co-op,Steam Achievements,In-App Purchases,Partial Controller Support,Remote Play on Phone,Remote Play on Tablet","Action,Adventure,Racing","Open World,Action,Multiplayer,Crime,Mature,Third Person,Shooter,First-Person,Automobile Sim,Adventure,Racing,Third-Person Shooter,Sandbox,Atmospheric,Sexual Content,Comedy,Funny,PvP,Moddable,Co-op","https://shared.akamai.steamstatic.com/store_item_assets/steam/apps/3240220/d61184a98c1cf2db2b08b2999c04b0519e3615bb/ss_d61184a98c1cf2db2b08b2999c04b0519e3615bb.1920x1080.jpg?t=1765479644,https://shared.akamai.steamstatic.com/store_item_assets/steam/apps/3240220/8340fd391012e12be7e4c02e65801a2648a6b60e/ss_8340fd391012e12be7e4c02e65801a2648a6b60e.1920x1080.jpg?t=1765479644,https://shared.akamai.steamstatic.com/store_item_assets/steam/apps/3240220/f2e70b5823510daa062293ff0b03821e1dee2d37/ss_f2e70b5823510daa062293ff0b03821e1dee2d37.1920x1080.jpg?t=1765479644,https://shared.akamai.steamstatic.com/store_item_assets/steam/apps/3240220/6959cc5d64cce82cb68a27457cfa46fb4d50f897/ss_6959cc5d64cce82cb68a27457cfa46fb4d50f897.1920x1080.jpg?t=1765479644,https://shared.akamai.steamstatic.com/store_item_assets/steam/apps/3240220/0231bf16835cd4f6d83523d76aa8d91cb2dfef9b/ss_0231bf16835cd4f6d83523d76aa8d91cb2dfef9b.1920x1080.jpg?t=1765479644,https://shared.akamai.steamstatic.com/store_item_assets/steam/apps/3240220/60690d0fdbd022ab1527ba6d080d42c1812a0f39/ss_60690d0fdbd022ab1527ba6d080d42c1812a0f39.1920x1080.jpg?t=1765479644,https://shared.akamai.steamstatic.com/store_item_assets/steam/apps/3240220/cf15774bb38c9b74f9e98c985228510c97df80b6/ss_cf15774bb38c9b74f9e98c985228510c97df80b6.1920x1080.jpg?t=1765479644,https://shared.akamai.steamstatic.com/store_item_assets/steam/apps/3240220/808b550269f898e227dae2c64b5e026f90da85f9/ss_808b550269f898e227dae2c64b5e026f90da85f9.1920x1080.jpg?t=1765479644,https://shared.akamai.steamstatic.com/store_item_assets/steam/apps/3240220/85ff4a9fad2064c201c00c27d8d28c28fa03c481/ss_85ff4a9fad2064c201c00c27d8d28c28fa03c481.1920x1080.jpg?t=1765479644,https://shared.akamai.steamstatic.com/store_item_assets/steam/apps/3240220/f4a6f63b4f7cb42262152449ba5e5c5837f20ff4/ss_f4a6f63b4f7cb42262152449ba5e5c5837f20ff4.1920x1080.jpg?t=1765479644,https://shared.akamai.steamstatic.com/store_item_assets/steam/apps/3240220/7f432690bd6365e871a2463a5db9cc4e7ebe1151/ss_7f432690bd6365e871a2463a5db9cc4e7ebe1151.1920x1080.jpg?t=1765479644",
271590,Grand Theft Auto V Legacy,"Apr 13, 2015",50000000 - 100000000,67851,17,0.0,0,0,"When a young street hustler, a retired bank robber and a terrifying psychopath find themselves entangled with some of the most frightening and deranged elements of the criminal underworld, the U.S. government and the entertainment industry, they must pull off a series of dangerous heists to survive in a ruthless city in which they can trust nobody, least of all each other. Grand Theft Auto V for PC offers players the option to explore the award-winning world of Los Santos and Blaine County in resolutions of up to 4k and beyond, as well as the chance to experience the game running at 60 frames per second. The game offers players a huge range of PC-specific customization options, including over 25 separate configurable settings for texture quality, shaders, tessellation, anti-aliasing and more, as well as support and extensive customization for mouse and keyboard controls. Additional options include a population density slider to control car and pedestrian traffic, as well as dual and triple monitor support, 3D compatibility, and plug-and-play controller support. Grand Theft Auto V for PC also includes Grand Theft Auto Online, with support for 30 players and two spectators. Grand Theft Auto Online for PC will include all existing gameplay upgrades and Rockstar-created content released since the launch of Grand Theft Auto Online, including Heists and Adversary modes. The PC version of Grand Theft Auto V and Grand Theft Auto Online features First Person Mode, giving players the chance to explore the incredibly detailed world of Los Santos and Blaine County in an entirely new way. Grand Theft Auto V for PC also brings the debut of the Rockstar Editor, a powerful suite of creative tools to quickly and easily capture, edit and share game footage from within Grand Theft Auto V and Grand Theft Auto Online. The Rockstar Editor’s Director Mode allows players the ability to stage their own scenes using prominent story characters, pedestrians, and even animals to bring their vision to life. Along with advanced camera manipulation and editing effects including fast and slow motion, and an array of camera filters, players can add their own music using songs from GTAV radio stations, or dynamically control the intensity of the game’s score. Completed videos can be uploaded directly from the Rockstar Editor to YouTube and the Rockstar Games Social Club for easy sharing. Soundtrack artists The Alchemist and Oh No return as hosts of the new radio station, The Lab FM. The station features new and exclusive music from the production duo based on and inspired by the game’s original soundtrack. Collaborating guest artists include Earl Sweatshirt, Freddie Gibbs, Little Dragon, Killer Mike, Sam Herring from Future Islands, and more. Players can also discover Los Santos and Blaine County while enjoying their own music through Self Radio, a new radio station that will host player-created custom soundtracks.","['English', 'French', 'Italian', 'German', 'Spanish - Spain', 'Korean', 'Polish', 'Portuguese - Brazil', 'Russian', 'Traditional Chinese', 'Japanese', 'Simplified Chinese', 'Spanish - Latin America']","['English', 'Spanish - Latin America']",,https://shared.akamai.steamstatic.com/store_item_assets/steam/apps/271590/header.jpg?t=1765387725,https://www.rockstargames.com/V/,https://support.rockstargames.com,,True,False,False,96,https://www.metacritic.com/game/pc/grand-theft-auto-v?ftag=MCD-06-10aaa1f,0,1739980,250576,,77,1854262,,14657,872,5846,158,Rockstar North,Rockstar Games,"Single-player,Multi-player,PvP,Online PvP,Co-op,Online Co-op,Steam Achievements,Full controller support,Remote Play on Phone,Remote Play on Tablet,Remote Play on TV","Action,Adventure","Open World,Action,Multiplayer,Crime,Automobile Sim,Third Person,First-Person,Mature,Shooter,Adventure,Singleplayer,Third-Person Shooter,Racing,Co-op,Sandbox,Atmospheric,Funny,Great Soundtrack,Comedy,Moddable","https://shared.akamai.steamstatic.com/store_item_assets/steam/apps/271590/ss_32aa18ab3175e3002217862dd5917646d298ab6b.1920x1080.jpg?t=1765387725,https://shared.akamai.steamstatic.com/store_item_assets/steam/apps/271590/ss_2744f112fa060320d191a50e8b3a92441a648a56.1920x1080.jpg?t=1765387725,https://shared.akamai.steamstatic.com/store_item_assets/steam/apps/271590/ss_da39c16db175f6973770bae6b91d411251763152.1920x1080.jpg?t=1765387725,https://shared.akamai.steamstatic.com/store_item_assets/steam/apps/271590/ss_bd5db78286be0a7c6b2c62519099a9e27e6b06f3.1920x1080.jpg?t=1765387725,https://shared.akamai.steamstatic.com/store_item_assets/steam/apps/271590/ss_b1a1cb7959d6a0e6fcb2d06ebf97a66c9055cef3.1920x1080.jpg?t=1765387725,https://shared.akamai.steamstatic.com/store_item_assets/steam/apps/271590/ss_bc5fc79d3366c837372327717249a4887aa46d63.1920x1080.jpg?t=1765387725,https://shared.akamai.steamstatic.com/store_item_assets/steam/apps/271590/ss_d2eb9d3e50f9e4cb8db37d2976990b3795da8187.1920x1080.jpg?t=1765387725,https://shared.akamai.steamstatic.com/store_item_assets/steam/apps/271590/ss_bd944debbec9936769f6dfb39ee456ca605615e3.1920x1080.jpg?t=1765387725,https://shared.akamai.steamstatic.com/store_item_assets/steam/apps/271590/ss_66daaa8e0416b805ffb9a853235e21468d6b85bc.1920x1080.jpg?t=1765387725,https://shared.akamai.steamstatic.com/store_item_assets/steam/apps/271590/ss_3820844756ae43340809e247fea327025dca1e39.1920x1080.jpg?t=1765387725,https://shared.akamai.steamstatic.com/store_item_assets/steam/apps/271590/ss_5eafc9316db476e74c1b38b25f15c1326f4d574a.1920x1080.jpg?t=1765387725,https://shared.akamai.steamstatic.com/store_item_assets/steam/apps/271590/ss_fbb16a4376f0205178de722aa14b9d243c2a47ea.1920x1080.jpg?t=1765387725,https://shared.akamai.steamstatic.com/store_item_assets/steam/apps/271590/ss_bab596ea9a6924055cd8c097bba75f052c18025d.1920x1080.jpg?t=1765387725,https://shared.akamai.steamstatic.com/store_item_assets/steam/apps/271590/ss_c5df068273a036bf224c89d3fcd534811790a808.1920x1080.jpg?t=1765387725,https://shared.akamai.steamstatic.com/store_item_assets/steam/apps/271590/ss_1487c2c7ddd9a1ae6b55f7e50d5d63ada6915921.1920x1080.jpg?t=1765387725,https://shared.akamai.steamstatic.com/store_item_assets/steam/apps/271590/ss_ef2be2226f012c4c1bc6f04ab8ed35ca3ffc8342.1920x1080.jpg?t=1765387725,https://shared.akamai.steamstatic.com/store_item_assets/steam/apps/271590/ss_3b7d6905185d1fd12eeaba603a55c0a246985f02.1920x1080.jpg?t=1765387725,https://shared.akamai.steamstatic.com/store_item_assets/steam/apps/271590/ss_a3d4e239735052cd2c81722aa2930b6fcefa9bec.1920x1080.jpg?t=1765387725,https://shared.akamai.steamstatic.com/store_item_assets/steam/apps/271590/ss_e8cd9901cec9bc5e7c6b8a9dc3e746fa77988a26.1920x1080.jpg?t=1765387725,https://shared.akamai.steamstatic.com/store_item_assets/steam/apps/271590/ss_549709ca54069eb849986204adb0fe438853e48d.1920x1080.jpg?t=1765387725,https://shared.akamai.steamstatic.com/store_item_assets/steam/apps/271590/ss_e3412658add19155ba35d6c80862559bf002845d.1920x1080.jpg?t=1765387725,https://shared.akamai.steamstatic.com/store_item_assets/steam/apps/271590/ss_ea4a3bab5f7ba3a6fcf8067c2864b9d349fe387c.1920x1080.jpg?t=1765387725,https://shared.akamai.steamstatic.com/store_item_assets/steam/apps/271590/ss_90f67258a3d991fe1b72030e56035ede688a82d7.1920x1080.jpg?t=1765387725,https://shared.akamai.steamstatic.com/store_item_assets/steam/apps/271590/ss_4322495419b762d3e0ca2e31e61dff9a86eac3e9.1920x1080.jpg?t=1765387725,https://shared.akamai.steamstatic.com/store_item_assets/steam/apps/271590/ss_d7f501f20ed23e2ee0e5e6b3c09922021c2f9aaa.1920x1080.jpg?t=1765387725,https://shared.akamai.steamstatic.com/store_item_assets/steam/apps/271590/ss_e65286ab9bba88c6d0d9ad30cf6b5d34578c51ce.1920x1080.jpg?t=1765387725,https://shared.akamai.steamstatic.com/store_item_assets/steam/apps/271590/ss_e929649b2b98ad76795d92d8489470bc5dbffddb.1920x1080.jpg?t=1765387725,https://shared.akamai.steamstatic.com/store_item_assets/steam/apps/271590/ss_e080b9646300458e7e6fde55ad68c8fd3650371c.1920x1080.jpg?t=1765387725,https://shared.akamai.steamstatic.com/store_item_assets/steam/apps/271590/ss_62a2f95c1784f138c3abbecf376c5cc99cc94a57.1920x1080.jpg?t=1765387725,https://shared.akamai.steamstatic.com/store_item_assets/steam/apps/271590/ss_a5ca40b51e95d5c592e5eb77b3d78d5149ea5fd6.1920x1080.jpg?t=1765387725,https://shared.akamai.steamstatic.com/store_item_assets/steam/apps/271590/ss_d1dfbddaafe8e4e8c3a4d8a9e13cdf89e2deb7ab.1920x1080.jpg?t=1765387725,https://shared.akamai.steamstatic.com/store_item_assets/steam/apps/271590/ss_7bcc40aa6ba276d1ec246127d2e623b75fa315eb.1920x1080.jpg?t=1765387725,https://shared.akamai.steamstatic.com/store_item_assets/steam/apps/271590/ss_ef673abfaf1555f10c071c4e5e0cd9d513be4c3c.1920x1080.jpg?t=1765387725,https://shared.akamai.steamstatic.com/store_item_assets/steam/apps/271590/ss_6b3e35dfc1acf5a742998fcd21690b5cddc367df.1920x1080.jpg?t=1765387725,https://shared.akamai.steamstatic.com/store_item_assets/steam/apps/271590/ss_108d9c5f4244a6186662850a56898028913d28a4.1920x1080.jpg?t=1765387725,https://shared.akamai.steamstatic.com/store_item_assets/steam/apps/271590/ss_89040ec8716e6422260580640f485f8c825cae62.1920x1080.jpg?t=1765387725,https://shared.akamai.steamstatic.com/store_item_assets/steam/apps/271590/ss_0cb0627d2d4559ae6ca7be60c43a9dc4aa4e1bb3.1920x1080.jpg?t=1765387725,https://shared.akamai.steamstatic.com/store_item_assets/steam/apps/271590/ss_8b7ae7209f3c3422e76d452c290bd282265caa35.1920x1080.jpg?t=1765387725,https://shared.akamai.steamstatic.com/store_item_assets/steam/apps/271590/ss_d6b4c13c1f59fe3c3973a4289c64047c3d350201.1920x1080.jpg?t=1765387725,https://shared.akamai.steamstatic.com/store_item_assets/steam/apps/271590/ss_fae62fcb24412928d97ec23b6bd9473b26690596.1920x1080.jpg?t=1765387725,https://shared.akamai.steamstatic.com/store_item_assets/steam/apps/271590/ss_9383e097bbdba1deaa79e77f8bb6664041036066.1920x1080.jpg?t=1765387725,https://shared.akamai.steamstatic.com/store_item_assets/steam/apps/271590/ss_3ce5439cfdd04d1c53487f7057d45360839c0205.1920x1080.jpg?t=1765387725,https://shared.akamai.steamstatic.com/store_item_assets/steam/apps/271590/ss_bb5725e2200df97b28908bccb9e8268780489506.1920x1080.jpg?t=1765387725,https://shared.akamai.steamstatic.com/store_item_assets/steam/apps/271590/ss_ea299fb00e9789ce97bc6c690d9f99180bab03ab.1920x1080.jpg?t=1765387725,https://shared.akamai.steamstatic.com/store_item_assets/steam/apps/271590/ss_ac0dea35915ab1d7f2eacb386befb36a3b684ee6.1920x1080.jpg?t=1765387725,https://shared.akamai.steamstatic.com/store_item_assets/steam/apps/271590/ss_942afc86f5724f8eafb8075b123cfc848fb736da.1920x1080.jpg?t=1765387725,https://shared.akamai.steamstatic.com/store_item_assets/steam/apps/271590/ss_3a20a814df620793186348058d9201f1c60b1bc2.1920x1080.jpg?t=1765387725,https://shared.akamai.steamstatic.com/store_item_assets/steam/apps/271590/ss_d1f60c9aae855a810bcdabebf43a1e03e9600ac0.1920x1080.jpg?t=1765387725,https://shared.akamai.steamstatic.com/store_item_assets/steam/apps/271590/ss_ff987bc8b943034c3bb989710b88dd7d629da783.1920x1080.jpg?t=1765387725,https://shared.akamai.steamstatic.com/store_item_assets/steam/apps/271590/ss_eb0a041f0699ad4c98c6ef2b8222c264e0435864.1920x1080.jpg?t=1765387725,https://shared.akamai.steamstatic.com/store_item_assets/steam/apps/271590/ss_7454420b01944e4a0f382c3a2d6c7d3d990561fb.1920x1080.jpg?t=1765387725,https://shared.akamai.steamstatic.com/store_item_assets/steam/apps/271590/ss_99fe78592b8c15211d9b518d921e6a104430c918.1920x1080.jpg?t=1765387725,https://shared.akamai.steamstatic.com/store_item_assets/steam/apps/271590/ss_80b965d66b13d6eb5e1468151a371e12fe159663.1920x1080.jpg?t=1765387725,https://shared.akamai.steamstatic.com/store_item_assets/steam/apps/271590/ss_1a30befe6a3ed468981a6b2aaed7d2bb79bc1ce0.1920x1080.jpg?t=1765387725,https://shared.akamai.steamstatic.com/store_item_assets/steam/apps/271590/ss_9efa694175609b73e9d3dca54190cbd8f6a0bc60.1920x1080.jpg?t=1765387725,https://shared.akamai.steamstatic.com/store_item_assets/steam/apps/271590/ss_ea78dfa1d7d81c3781287cab165f64ca70f1f2ea.1920x1080.jpg?t=1765387725,https://shared.akamai.steamstatic.com/store_item_assets/steam/apps/271590/ss_d1555f147b4667f70fac769985df629cbfda40b8.1920x1080.jpg?t=1765387725,https://shared.akamai.steamstatic.com/store_item_assets/steam/apps/271590/ss_680684304e38a9c58a55866cde99469ae8ef510c.1920x1080.jpg?t=1765387725,https://shared.akamai.steamstatic.com/store_item_assets/steam/apps/271590/ss_be2b9e45c671f95b8bc9fde58dbbd1154b0b633a.1920x1080.jpg?t=1765387725,https://shared.akamai.steamstatic.com/store_item_assets/steam/apps/271590/ss_54a59b51d9a3dbd5cf6b8d8745716b293633a50b.1920x1080.jpg?t=1765387725,https://shared.akamai.steamstatic.com/store_item_assets/steam/apps/271590/ss_320f7bf17d387eddb1c7153e2bf8de8e14bc4d39.1920x1080.jpg?t=1765387725,https://shared.akamai.steamstatic.com/store_item_assets/steam/apps/271590/ss_c7766bbf4f0800ea989e11b26991a3d90197568c.1920x1080.jpg?t=1765387725,https://shared.akamai.steamstatic.com/store_item_assets/steam/apps/271590/ss_65677665937a9164fb10b3194ff1d89bb1f1d848.1920x1080.jpg?t=1765387725,https://shared.akamai.steamstatic.com/store_item_assets/steam/apps/271590/ss_8ca5134d9826629ea01c9cfb6d8a51c2b1661e28.1920x1080.jpg?t=1765387725,https://shared.akamai.steamstatic.com/store_item_assets/steam/apps/271590/ss_4627498ce6ec1516512468eecfb9f90b7fdf438b.1920x1080.jpg?t=1765387725,https://shared.akamai.steamstatic.com/store_item_assets/steam/apps/271590/ss_3da42391c6317205177248dea0a48ced89998a8d.1920x1080.jpg?t=1765387725,https://shared.akamai.steamstatic.com/store_item_assets/steam/apps/271590/ss_04c349fc07c4f6244f4426ea0b49e31c8581a97d.1920x1080.jpg?t=1765387725,https://shared.akamai.steamstatic.com/store_item_assets/steam/apps/271590/ss_fd8843577fb31aba4b4b827b5dad6c5ac3ab890b.1920x1080.jpg?t=1765387725,https://shared.akamai.steamstatic.com/store_item_assets/steam/apps/271590/ss_8afff4bbd275fe7ddd56e3b5dc77f6658acf207e.1920x1080.jpg?t=1765387725,https://shared.akamai.steamstatic.com/store_item_assets/steam/apps/271590/ss_bb2ee3b9b48a60857873192cfff10546e01d4a86.1920x1080.jpg?t=1765387725,https://shared.akamai.steamstatic.com/store_item_assets/steam/apps/271590/ss_cd721eb1856f0dd3b820e4e998c3b5fe7e7c9b4e.1920x1080.jpg?t=1765387725,https://shared.akamai.steamstatic.com/store_item_assets/steam/apps/271590/ss_6efecf505052b51071024f32dc4db364cbb0ab6e.1920x1080.jpg?t=1765387725,https://shared.akamai.steamstatic.com/store_item_assets/steam/apps/271590/ss_43e9c59d968e7f99f1eef065af85b3e542100366.1920x1080.jpg?t=1765387725,https://shared.akamai.steamstatic.com/store_item_assets/steam/apps/271590/ss_f64515607fd627aa9436be3b15fdcb9e1c89bb19.1920x1080.jpg?t=1765387725,https://shared.akamai.steamstatic.com/store_item_assets/steam/apps/271590/ss_95a1f04eb687eae71478c0c5ba644da57e10f215.1920x1080.jpg?t=1765387725,https://shared.akamai.steamstatic.com/store_item_assets/steam/apps/271590/ss_873c72ecd65c4a9e17f0b3535bc8579a4616394e.1920x1080.jpg?t=1765387725",
12220,Grand Theft Auto: Episodes from Liberty City,"Apr 12, 2010",2000000 - 5000000,0,17,0.0,0,0,"PLEASE NOTE: Microsoft no longer supports creating Games for Windows-LIVE accounts within Episodes From Liberty City. You can create an account through and then log into your account in game. Grand Theft Auto: Episodes from Liberty City includes both The Lost and Damned, and The Ballad of Gay Tony together and does not require a copy of the original Grand Theft Auto IV to play. In The Lost and Damned, experience Liberty City as Johnny, a veteran member of The Lost, a notorious biker gang. Johnny has been creating business opportunities for The Lost in Liberty City but his first loyalty must be to the patch he wears on his back and to Billy Grey, the club's President. However, when Billy returns from rehab hell-bent on bloodshed and debauchery, Johnny finds himself in the middle of a vicious turf war with rival gangs for control of a city torn apart by violence and corruption. Can the brotherhood survive? The Ballad of Gay Tony injects Liberty City with an overdose of guns, glitz, and grime. As Luis Lopez, part-time hoodlum and full-time assistant to legendary nightclub impresario Tony Prince (aka 'Gay Tony'), players will struggle with the competing loyalties of family and friends, and with the uncertainty about who is real and who is fake in a world in which everyone has a price.","['English', 'French', 'German', 'Italian', 'Spanish - Spain']","['English', 'Spanish - Spain']",,https://shared.akamai.steamstatic.com/store_item_assets/steam/apps/12220/header.jpg?t=1618853641,http://www.rockstargames.com/episodesfromlibertycity,http://www.rockstargames.com/support/index.php,,True,False,False,0,,0,7524,2647,,0,7261,,0,0,0,0,Rockstar North / Toronto,Rockstar Games,"Single-player,Multi-player",Action,"Open World,Action,Automobile Sim,Third Person,Multiplayer,Crime,Adventure,Shooter,Sandbox,Singleplayer,Driving,Third-Person Shooter,Mature,Great Soundtrack,Nudity,Story Rich,Racing,Atmospheric,Comedy,Moddable","https://shared.akamai.steamstatic.com/store_item_assets/steam/apps/12220/ss_c773daea9ecb59a11e384acbee999e1e19cd8fd9.1920x1080.jpg?t=1618853641,https://shared.akamai.steamstatic.com/store_item_assets/steam/apps/12220/ss_c213ba34ecd7c38742a516fb8c931c37d869ef44.1920x1080.jpg?t=1618853641,https://shared.akamai.steamstatic.com/store_item_assets/steam/apps/12220/ss_18af911406ddb3ee80f1fd17ebf6e274bf7efcbc.1920x1080.jpg?t=1618853641,https://shared.akamai.steamstatic.com/store_item_assets/steam/apps/12220/ss_1c64a2bceb9ffbadda97fc355a2821bc13005f54.1920x1080.jpg?t=1618853641",
1547000,Grand Theft Auto: San Andreas – The Definitive Edition,"Jan 19, 2023",500000 - 1000000,330,17,19.79,67,0,"Experience the blockbuster classic, updated for a new generation with across-the-board enhancements including brilliant new lighting and environmental upgrades, with high-resolution textures, increased draw distance, Grand Theft Auto V-style controls and targeting, and much more. Five years ago, Carl ‘CJ’ Johnson escaped the haze of Los Santos, San Andreas...a city tearing itself apart with gang trouble, drugs, and corruption. Now, it's the early 90s. CJ’s got to go home - his mother has been murdered, his family has fallen apart, and his childhood friends are all heading towards disaster. On his return to the neighborhood, a couple of cops frame him for homicide, forcing CJ on a journey that takes him across the entire state of San Andreas, to save his family and to take control of the streets in the next iteration of the series that changed everything. Developed by Rockstar Games, adapted by Grove Street Games.","['English', 'French', 'Italian', 'German', 'Spanish - Spain', 'Japanese', 'Korean', 'Polish', 'Portuguese - Brazil', 'Russian', 'Simplified Chinese', 'Spanish - Latin America', 'Traditional Chinese']","['English', 'Traditional Chinese']",,https://shared.akamai.steamstatic.com/store_item_assets/steam/apps/1547000/header.jpg?t=1741117455,,https://support.rockstargames.com/,,True,False,False,0,,0,6814,2051,,35,10895,,1441,195,635,204,Rockstar Games,Rockstar Games,"Single-player,Full controller support","Action,Adventure","Sexual Content,Open World,Action,Crime,Third-Person Shooter,Nudity,Adventure,Violent,Action-Adventure,Third Person,1990's,Singleplayer,Mature,Story Rich,Combat,Gore,Classic,Psychological Horror,Memes,Sandbox","https://shared.akamai.steamstatic.com/store_item_assets/steam/apps/1547000/ss_1a8e1aff75d059f19e3bf673ff2183344bbadbb4.1920x1080.jpg?t=1741117455,https://shared.akamai.steamstatic.com/store_item_assets/steam/apps/1547000/ss_a274e6069b8a242ea37cfdd37b7a2fb01fae9315.1920x1080.jpg?t=1741117455,https://shared.akamai.steamstatic.com/store_item_assets/steam/apps/1547000/ss_5632eb13385bedc68823e8db8813fddf54acb40d.1920x1080.jpg?t=1741117455,https://shared.akamai.steamstatic.com/store_item_assets/steam/apps/1547000/ss_89224e9f19e2caee31985f62c6e39e9e67b4f2a4.1920x1080.jpg?t=1741117455,https://shared.akamai.steamstatic.com/store_item_assets/steam/apps/1547000/ss_2cffd45fcece180581c80eddce5c6361531b8742.1920x1080.jpg?t=1741117455",
1546990,Grand Theft Auto: Vice City – The Definitive Edition,"Jan 19, 2023",200000 - 500000,123,17,19.79,67,0,"Experience the genre-defining classic, updated for a new generation with across-the-board enhancements including brilliant new lighting and environmental upgrades, with high-resolution textures, increased draw distance, Grand Theft Auto V-style controls and targeting, and much more. Welcome to the 1980s. From the decade of big hair and pastel suits comes the story of one man's rise to the top of the criminal pile. Grand Theft Auto returns with Tommy Vercetti’s tale of betrayal and revenge in a neon-soaked tropical town full of excess and brimming with possibilities. Developed by Rockstar Games, adapted by Grove Street Games.","['English', 'French', 'Italian', 'German', 'Spanish - Spain', 'Japanese', 'Korean', 'Polish', 'Portuguese - Brazil', 'Russian', 'Simplified Chinese', 'Spanish - Latin America', 'Traditional Chinese']","['English', 'Traditional Chinese']",,https://shared.akamai.steamstatic.com/store_item_assets/steam/apps/1546990/header.jpg?t=1741117543,,https://support.rockstargames.com/,,True,False,False,0,,0,4225,1034,,34,6425,,575,75,405,75,Rockstar Games,Rockstar Games,"Single-player,Full controller support,Family Sharing","Action,Adventure","Action,Open World,Third-Person Shooter,Adventure,Action-Adventure,Third Person,Crime,Singleplayer,1980s,Violent,Sexual Content,Combat,Story Rich,Classic,Mature,Great Soundtrack,Sandbox,Nudity,Atmospheric","https://shared.akamai.steamstatic.com/store_item_assets/steam/apps/1546990/ss_778d72865d6f09ba99b43f10c2b29e0537781a85.1920x1080.jpg?t=1741117543,https://shared.akamai.steamstatic.com/store_item_assets/steam/apps/1546990/ss_df005e43791b1be1d3949b1e4ef3cafb29b6850a.1920x1080.jpg?t=1741117543,https://shared.akamai.steamstatic.com/store_item_assets/steam/apps/1546990/ss_1159c693feda20830480e5d2ee578d72ad4beee9.1920x1080.jpg?t=1741117543,https://shared.akamai.steamstatic.com/store_item_assets/steam/apps/1546990/ss_7c88685239031c35df4b6cde7f7163ba0e9ba41b.1920x1080.jpg?t=1741117543,https://shared.akamai.steamstatic.com/store_item_assets/steam/apps/1546990/ss_1dd957711cfdf03d40ea715a1fa191a976424ec7.1920x1080.jpg?t=1741117543",
319630,Life is Strange - Episode 1,"Jan 29, 2015",5000000 - 10000000,294,17,0.0,0,1,"Episode 1 now FREE! Life is Strange is an award-winning and critically acclaimed episodic adventure game that allows the player to rewind time and affect the past, present and future. Follow the story of Max Caulfield, a photography senior who discovers she can rewind time while saving her best friend Chloe Price. The pair soon find themselves investigating the mysterious disappearance of fellow student Rachel Amber, uncovering a dark side to life in Arcadia Bay. Meanwhile, Max must quickly learn that changing the past can sometimes lead to a devastating future. Key Features: A beautifully written modern adventure game. Rewind time to change the course of events. Multiple endings depending on the choices you make. Striking, hand-painted visuals. Distinct, licensed indie soundtrack.","['English', 'French', 'Italian', 'German', 'Spanish - Spain', 'Portuguese - Brazil']","['English', 'Portuguese - Brazil']","“The climax of Episode Two is one of the most compelling — and devastating — things I’ve ever experienced in a game, because it’s so real, so understandable. Dontnod nails it.” 8.5/10 – Polygon “Essential” 9/10 – GamesTM “Best episodic adventure game out there.” 5/5 – Blogcritics",https://shared.akamai.steamstatic.com/store_item_assets/steam/apps/319630/header.jpg?t=1724158918,http://www.lifeisstrange.com,http://sqex.to/steamsupport,,True,True,True,0,,0,162769,6432,,60,121402,,2595,201,226,201,"DONTNOD Entertainment,Feral Interactive (Mac),Feral Interactive (Linux)","Square Enix,Feral interactive (Mac),Feral Interactive (Linux)","Single-player,Steam Achievements,Full controller support,Steam Trading Cards,Steam Cloud,Remote Play on Phone,Remote Play on Tablet,Remote Play on TV,Family Sharing","Action,Adventure","Story Rich,Choices Matter,Great Soundtrack,Female Protagonist,Time Travel,Atmospheric,Episodic,Singleplayer,Adventure,Time Manipulation,Multiple Endings,Mystery,Third Person,Point & Click,Indie,Walking Simulator,Casual,Action,LGBTQ+,Memes","https://shared.akamai.steamstatic.com/store_item_assets/steam/apps/319630/ss_d74ebed52e05e7c22937e53fcf6c7bf1de70ada1.1920x1080.jpg?t=1724158918,https://shared.akamai.steamstatic.com/store_item_assets/steam/apps/319630/ss_f0cbce81ce638fca6fa8154d6b5f0178e67eb87f.1920x1080.jpg?t=1724158918,https://shared.akamai.steamstatic.com/store_item_assets/steam/apps/319630/ss_2abb901703c73f9230d0ad42846c29d263825807.1920x1080.jpg?t=1724158918,https://shared.akamai.steamstatic.com/store_item_assets/steam/apps/319630/ss_f071f2da3d45953de69f00e05c6e333954ecdf26.1920x1080.jpg?t=1724158918,https://shared.akamai.steamstatic.com/store_item_assets/steam/apps/319630/ss_a856ba29b6a4eeb12cea337d6804d3a177c86e1c.1920x1080.jpg?t=1724158918,https://shared.akamai.steamstatic.com/store_item_assets/steam/apps/319630/ss_351f0026c4ca89eef429a095750814aaf6b5ebc0.1920x1080.jpg?t=1724158918,https://shared.akamai.steamstatic.com/store_item_assets/steam/apps/319630/ss_8df8236403f5aad45eeedd33d2bd545e45435b39.1920x1080.jpg?t=1724158918,https://shared.akamai.steamstatic.com/store_item_assets/steam/apps/319630/ss_d0648fc4ed2aa5b671e5bf11819df99b72a219ff.1920x1080.jpg?t=1724158918,https://shared.akamai.steamstatic.com/store_item_assets/steam/apps/319630/ss_dc4879bb7a8305411f089fc4fb9a605d1881a862.1920x1080.jpg?t=1724158918,https://shared.akamai.steamstatic.com/store_item_assets/steam/apps/319630/ss_bf32315f4ee26c933967b8b5189baa90281fb7c6.1920x1080.jpg?t=1724158918,https://shared.akamai.steamstatic.com/store_item_assets/steam/apps/319630/ss_bd2379094bf433c9376ba5047ab54c3a601b74ef.1920x1080.jpg?t=1724158918,https://shared.akamai.steamstatic.com/store_item_assets/steam/apps/319630/ss_0e9be011d0a997c4e6ed09291bce9a625530762e.1920x1080.jpg?t=1724158918,https://shared.akamai.steamstatic.com/store_item_assets/steam/apps/319630/ss_a055d8315a360382645b6766490ee7911cae9fb2.1920x1080.jpg?t=1724158918,https://shared.akamai.steamstatic.com/store_item_assets/steam/apps/319630/ss_8cba744ebebd36ffa6cd1c38973f1216a46fc02a.1920x1080.jpg?t=1724158918,https://shared.akamai.steamstatic.com/store_item_assets/steam/apps/319630/ss_827b3e27ff69e0b4dd2a36ff14ddae4fbb0363e4.1920x1080.jpg?t=1724158918,https://shared.akamai.steamstatic.com/store_item_assets/steam/apps/319630/ss_82c36037ed7ed0037f71a285f5eb50ed754c6bd6.1920x1080.jpg?t=1724158918,https://shared.akamai.steamstatic.com/store_item_assets/steam/apps/319630/ss_08f0871f59f213497304739ee675bae9f2b77883.1920x1080.jpg?t=1724158918,https://shared.akamai.steamstatic.com/store_item_assets/steam/apps/319630/ss_4bb34c58857d28cf10de6b9c08c956d8d3b190f0.1920x1080.jpg?t=1724158918,https://shared.akamai.steamstatic.com/store_item_assets/steam/apps/319630/ss_4b6de0ccb365a09b49f0d7ac9feecb299422142c.1920x1080.jpg?t=1724158918,https://shared.akamai.steamstatic.com/store_item_assets/steam/apps/319630/ss_e96d229f90e743bb8855a417b81ee229fc83e96d.1920x1080.jpg?t=1724158918,https://shared.akamai.steamstatic.com/store_item_assets/steam/apps/319630/ss_582d8b31d940aa4ab675382be36090fd8b9ed903.1920x1080.jpg?t=1724158918,https://shared.akamai.steamstatic.com/store_item_assets/steam/apps/319630/ss_d6ab80f511623688f0497fc1b85137f453279bc7.1920x1080.jpg?t=1724158918,https://shared.akamai.steamstatic.com/store_item_assets/steam/apps/319630/ss_2f717a78e3777d04363c45490e4a26a235c2af8a.1920x1080.jpg?t=1724158918,https://shared.akamai.steamstatic.com/store_item_assets/steam/apps/319630/ss_8146f6c8fb9afaabbdd49b7bafe3aebdf6dc9053.1920x1080.jpg?t=1724158918,https://shared.akamai.steamstatic.com/store_item_assets/steam/apps/319630/ss_f7dbabdf90d2f5c558bdceeac52be468027a2896.1920x1080.jpg?t=1724158918,https://shared.akamai.steamstatic.com/store_item_assets/steam/apps/319630/ss_c170fbe46876e8ee01b711eab94f628c33b977d2.1920x1080.jpg?t=1724158918",
532210,Life is Strange 2,"Sep 26, 2018",10000000 - 20000000,153,0,0.0,0,6,"ALL EPISODES ARE AVAILABLE TO PLAY NOW! Purchase the Complete Season and receive the 'Arcadia Bay' patch bundle to customise your in-game backpack. The award-winning Life is Strange series continues with an all-new story from DONTNOD Entertainment. After a tragic incident, brothers Sean and Daniel Diaz run away from home. Fearing the police, and dealing with Daniel's newly manifested telekinetic power – the power to move objects with your mind – the boys decide to travel to their father's hometown of Puerto Lobos in Mexico for safety. Suddenly, sixteen year-old Sean is responsible for Daniel’s safety, shelter, and teaching him right from wrong. As Daniel's power grows, it’s up to Sean to decide the rules by which they live. Keep the power secret, or use it to help them in their journey? Beg, borrow, or steal? Reach out to family, or stay hidden? As Sean, your choices shape the fates of the Diaz brothers, and the lives of everyone they meet. From Seattle, to Portland, to California... through gas stations, abandoned shacks, backstreets and forests... the road to Mexico is long and filled with danger – but also friendship, wonder, and opportunity. This is the trip that could bond Sean and Daniel forever… or tear their brotherhood apart. Key Features: • Award Winning Story-Telling • Daniel is always learning from Sean – and what you teach him has far-reaching consequences. • Stunning visuals and hand-painted textures. • Emotive original soundtrack from Jonathan Morali, composer of the original Life is Strange - plus licensed tracks from Phoenix, The Streets, Sufjan Stevens, Bloc Party, First Aid Kit, and more.","['English', 'French', 'Italian', 'German', 'Spanish - Spain', 'Portuguese - Brazil', 'Russian', 'Simplified Chinese', 'Spanish - Latin America', 'Japanese']","['English', 'Japanese']","“Unique, truthful, and necessary. A journey I would recommend to anyone.” RECOMMENDED – Eurogamer “Triumphant” 9/10 – GameSpot “long, strange, formative, and tragic roadtrip” 9/10 – Destructoid",https://shared.akamai.steamstatic.com/store_item_assets/steam/apps/532210/header.jpg?t=1728397855,https://www.lifeisstrange.com,http://sqex.to/steamsupport,,True,True,True,0,,0,31616,5018,,46,21638,,477,1272,205,1272,"DONTNOD Entertainment,Feral Interactive (Mac),Feral Interactive (Linux)","Square Enix,Feral Interactive (Mac),Feral Interactive (Linux)","Single-player,Steam Achievements,Full controller support,Steam Trading Cards,Steam Cloud,Remote Play on Phone,Remote Play on Tablet,Remote Play on TV,Family Sharing",Adventure,"Choices Matter,Story Rich,Adventure,Singleplayer,Great Soundtrack,Atmospheric,Episodic,Drama,Sexual Content,Choose Your Own Adventure,LGBTQ+,Point & Click,Third Person,Walking Simulator,Mystery,Nudity,Puzzle,Comedy,Funny,Classic","https://shared.akamai.steamstatic.com/store_item_assets/steam/apps/532210/ss_3907bb1ea3aac991b272ce9a7bd5b492fc7a768d.1920x1080.jpg?t=1728397855,https://shared.akamai.steamstatic.com/store_item_assets/steam/apps/532210/ss_1fd2aad8a9192812c737b9c14205ac1b8c233e2b.1920x1080.jpg?t=1728397855,https://shared.akamai.steamstatic.com/store_item_assets/steam/apps/532210/ss_021293ca9dfe84afb3f003b9d811ef9c77ace1dc.1920x1080.jpg?t=1728397855,https://shared.akamai.steamstatic.com/store_item_assets/steam/apps/532210/ss_04e93367ad9c23b5b88b9d65bae7dc9cdfa0caea.1920x1080.jpg?t=1728397855,https://shared.akamai.steamstatic.com/store_item_assets/steam/apps/532210/ss_04836d822a0c3684103841e6c458e49e01e10651.1920x1080.jpg?t=1728397855,https://shared.akamai.steamstatic.com/store_item_assets/steam/apps/532210/ss_033365bdbf57b175dd79a227c670991eddd44d17.1920x1080.jpg?t=1728397855,https://shared.akamai.steamstatic.com/store_item_assets/steam/apps/532210/ss_dfe35b3dc7931a4e241dd6623c12de11e823ccd0.1920x1080.jpg?t=1728397855,https://shared.akamai.steamstatic.com/store_item_assets/steam/apps/532210/ss_021ed6db7a94e986f5bbfc597dbca81fa321898a.1920x1080.jpg?t=1728397855,https://shared.akamai.steamstatic.com/store_item_assets/steam/apps/532210/ss_c604636929aaad34cd25fb698c00bd4b23efbc60.1920x1080.jpg?t=1728397855,https://shared.akamai.steamstatic.com/store_item_assets/steam/apps/532210/ss_d9faa4ff05e114260286be1216a7dfe82d9ebd14.1920x1080.jpg?t=1728397855,https://shared.akamai.steamstatic.com/store_item_assets/steam/apps/532210/ss_e3c342903d67ecbdb9e33b99e39c7e912a3f25df.1920x1080.jpg?t=1728397855,https://shared.akamai.steamstatic.com/store_item_assets/steam/apps/532210/ss_23a7c3982cbce94b298618fd811379e160a02a91.1920x1080.jpg?t=1728397855,https://shared.akamai.steamstatic.com/store_item_assets/steam/apps/532210/ss_6f89f4809a56ba33e57e285e2e586ec5d6ff0d30.1920x1080.jpg?t=1728397855,https://shared.akamai.steamstatic.com/store_item_assets/steam/apps/532210/ss_ca2f2c44faa561569d8bae30551236b1d644174a.1920x1080.jpg?t=1728397855,https://shared.akamai.steamstatic.com/store_item_assets/steam/apps/532210/ss_f589f1d664ad6932064052c265b59f9fa3eea322.1920x1080.jpg?t=1728397855,https://shared.akamai.steamstatic.com/store_item_assets/steam/apps/532210/ss_1f80f05f65aa1ddb687284f0e6c807cd6fef2d39.1920x1080.jpg?t=1728397855,https://shared.akamai.steamstatic.com/store_item_assets/steam/apps/532210/ss_9bdf9447df034725b13fda86ed0e5e71c0b72025.1920x1080.jpg?t=1728397855,https://shared.akamai.steamstatic.com/store_item_assets/steam/apps/532210/ss_5d38d71f1594dcf336b3e9070eb2104f456f1d7e.1920x1080.jpg?t=1728397855,https://shared.akamai.steamstatic.com/store_item_assets/steam/apps/532210/ss_2acae145373b242ebc2717521490e019b66a6acd.1920x1080.jpg?t=1728397855,https://shared.akamai.steamstatic.com/store_item_assets/steam/apps/532210/ss_532c08757a36d46cd19f7bd45304a2b1b099d0f7.1920x1080.jpg?t=1728397855,https://shared.akamai.steamstatic.com/store_item_assets/steam/apps/532210/ss_256304efb5c1fa8b178e47df28ca8e0426077d4c.1920x1080.jpg?t=1728397855,https://shared.akamai.steamstatic.com/store_item_assets/steam/apps/532210/ss_58da787278dfa1f767e70ef361bb60a5c7b6fbbc.1920x1080.jpg?t=1728397855,https://shared.akamai.steamstatic.com/store_item_assets/steam/apps/532210/ss_b9fef69cd696a48610796afd24c0da23337e4445.1920x1080.jpg?t=1728397855,https://shared.akamai.steamstatic.com/store_item_assets/steam/apps/532210/ss_bb276d87f2cd987b193d4a8aef4a1ce9ae4c7b9f.1920x1080.jpg?t=1728397855,https://shared.akamai.steamstatic.com/store_item_assets/steam/apps/532210/ss_ea4c28dcfee6749aa60843bc96f8da3f3ac95168.1920x1080.jpg?t=1728397855",
1265920,Life is Strange Remastered,"Feb 1, 2022",200000 - 500000,103,17,11.99,70,1,"Experience the BAFTA award-winning story of Life is Strange now beautifully remastered with enhanced visuals and vastly improved animation using mocap technology. Play as Max Caulfield, a photography senior who discovers she can rewind time while saving her best friend Chloe Price from a violent altercation. The pair soon find themselves investigating the mysterious disappearance of fellow student Rachel Amber, uncovering a dark side to life in Arcadia Bay. Meanwhile, Max must quickly learn that changing the past can sometimes lead to a devastating future.","['English', 'French', 'Italian', 'German', 'Spanish - Spain', 'Portuguese - Brazil', 'Simplified Chinese', 'Spanish - Latin America', 'Russian', 'Japanese']","['English', 'Japanese']",,https://shared.akamai.steamstatic.com/store_item_assets/steam/apps/1265920/header.jpg?t=1748420882,https://www.lifeisstrange.com,http://sqex.to/steamsupport,,True,False,False,0,,0,5345,655,,60,5953,"The protagonist of Life is Strange Remastered, Max Caulfield, can rewind time at will. But her ability to prevent the futures she sees does not stop her from experiencing them, nor does it shield her from the emotional fallout of those events. This Game deals honestly with complex emotions, difficult themes, and rare but shocking acts of violence. As such, it may contain content not appropriate for all ages, and may not be appropriate for viewing at work, with cautions suggested for Intense Violence, Blood, Sexual Themes, Strong Language, and Use of Drugs and Alcohol.",717,6,796,6,Deck Nine,Square Enix,"Single-player,Steam Achievements,Full controller support,Family Sharing","Action,Adventure","Choices Matter,Story Rich,Female Protagonist,LGBTQ+,Multiple Endings,Romance,Emotional,Third Person,Drama,Adventure,Mystery,Action,Cinematic,Stylized,Singleplayer,Supernatural,Narrative,Mature,Great Soundtrack,Sexual Content","https://shared.akamai.steamstatic.com/store_item_assets/steam/apps/1265920/ss_17dea5462c7da6d583269dad8db3ccb1e868cfb2.1920x1080.jpg?t=1748420882,https://shared.akamai.steamstatic.com/store_item_assets/steam/apps/1265920/ss_87e900d93e82074d18aab3083387791e0268a6f4.1920x1080.jpg?t=1748420882,https://shared.akamai.steamstatic.com/store_item_assets/steam/apps/1265920/ss_32916b0418ad23a6fe47dd775ca857dfe4814be5.1920x1080.jpg?t=1748420882,https://shared.akamai.steamstatic.com/store_item_assets/steam/apps/1265920/ss_d78326a8865d8be6fe9a4b9000476497cae1354d.1920x1080.jpg?t=1748420882,https://shared.akamai.steamstatic.com/store_item_assets/steam/apps/1265920/ss_a6a2dc94f9586ce1d7ad0d82e7286596b0d019e9.1920x1080.jpg?t=1748420882,https://shared.akamai.steamstatic.com/store_item_assets/steam/apps/1265920/ss_ceccefeb5bd815f084cbcbc3e4ae7bb9ff0b1381.1920x1080.jpg?t=1748420882,https://shared.akamai.steamstatic.com/store_item_assets/steam/apps/1265920/ss_2851bb0066394155c15a72b58660e6c2f70e84c7.1920x1080.jpg?t=1748420882,https://shared.akamai.steamstatic.com/store_item_assets/steam/apps/1265920/ss_d074f4a82371e55479c445121ce6d936d27ce342.1920x1080.jpg?t=1748420882",
554620,Life is Strange: Before the Storm,"Aug 31, 2017",2000000 - 5000000,35,17,16.99,0,5,"Life is Strange: Before the Storm is a new three part; standalone adventure set three years before the first game in the BAFTA award-winning franchise. You play as sixteen-year old Chloe Price who forms an unlikely friendship with Rachel Amber, a beautiful and popular girl destined for success. When Rachel learns a secret about her family that threatens to destroy her world, it is her newfound friendship with Chloe that gives her the strength to carry on. No longer alone the girls must confront each other's demons and together, find a way to overcome them. KEY FEATURES: Choice and consequence driven narrative adventure Multiple endings depending on the choices you make ‘Backtalk’ - A risk/reward conversation mode that allows Chloe to use her barbed tongue to provoke or get her way Make your mark on the world with witty tags and drawings Choose Chloe’s outfit and see how people react to your look Distinct Licensed indie soundtrack &amp; original score by Daughter","['English', 'French', 'Italian', 'German', 'Spanish - Spain', 'Portuguese - Brazil', 'Simplified Chinese']","['English', 'Simplified Chinese']","“Touching, poignant and will definitely move you” 4.5/5 – Gamesradar+ “one of the finest gaming experiences in undoubtedly one of the medium’s best years” 4.5/5 – Fandom “A powerful narrative that feels distinct from Life is Strange” 8/10 – GameSpot",https://shared.akamai.steamstatic.com/store_item_assets/steam/apps/554620/header.jpg?t=1728636264,http://www.lifeisstrange.com,http://sqex.to/steamsupport,,True,True,True,77,https://www.metacritic.com/game/pc/life-is-strange-before-the-storm?ftag=MCD-06-10aaa1f,0,34787,2506,,34,33194,,673,0,568,0,"Deck Nine,Feral Interactive (Mac),Feral Interactive (Linux)","Square Enix,Feral Interactive (Mac),Feral Interactive (Linux)","Single-player,Steam Achievements,Full controller support,Steam Trading Cards,Steam Cloud,Family Sharing","Action,Adventure","Story Rich,Choices Matter,Great Soundtrack,Female Protagonist,Atmospheric,Singleplayer,Episodic,Adventure,Choose Your Own Adventure,Multiple Endings,Third Person,Drama,Mystery,Action,Indie,LGBTQ+,Walking Simulator,Point & Click,Psychological Horror,Memes","https://shared.akamai.steamstatic.com/store_item_assets/steam/apps/554620/ss_9dfa7b2a0d763b5cd93be7a4cd64befd39d4518e.1920x1080.jpg?t=1728636264,https://shared.akamai.steamstatic.com/store_item_assets/steam/apps/554620/ss_20f1fb818580e18e48a88a5f55dad7aafba30650.1920x1080.jpg?t=1728636264,https://shared.akamai.steamstatic.com/store_item_assets/steam/apps/554620/ss_b7925a52339f900516dde2929673d9540fdceaca.1920x1080.jpg?t=1728636264,https://shared.akamai.steamstatic.com/store_item_assets/steam/apps/554620/ss_4ea6a70424992062978a83a1b1a6ddcd939b6a2c.1920x1080.jpg?t=1728636264,https://shared.akamai.steamstatic.com/store_item_assets/steam/apps/554620/ss_f84ae0338180924e831626b880db77201e1bf610.1920x1080.jpg?t=1728636264,https://shared.akamai.steamstatic.com/store_item_assets/steam/apps/554620/ss_c2622263dac7da3c7d465a150157180afeaf0f3a.1920x1080.jpg?t=1728636264,https://shared.akamai.steamstatic.com/store_item_assets/steam/apps/554620/ss_349ebe432be842f25bd0927f1bd30a1ed57cc4a2.1920x1080.jpg?t=1728636264,https://shared.akamai.steamstatic.com/store_item_assets/steam/apps/554620/ss_57f8e766cbf1b04d68b4ee62040d7dcb16855129.1920x1080.jpg?t=1728636264,https://shared.akamai.steamstatic.com/store_item_assets/steam/apps/554620/ss_c407a71cd152b9706ae63641b1176f5251da876a.1920x1080.jpg?t=1728636264,https://shared.akamai.steamstatic.com/store_item_assets/steam/apps/554620/ss_689cea451bc593068159c0a9cfe4c9464d8f783e.1920x1080.jpg?t=1728636264,https://shared.akamai.steamstatic.com/store_item_assets/steam/apps/554620/ss_4da7434006828074ad57ace23c01e6079dd47324.1920x1080.jpg?t=1728636264,https://shared.akamai.steamstatic.com/store_item_assets/steam/apps/554620/ss_d4abfec6708afebac4083b9d190751127eebd090.1920x1080.jpg?t=1728636264,https://shared.akamai.steamstatic.com/store_item_assets/steam/apps/554620/ss_2f31a8727684ed1eb485ba5b8d066f822a6f6d03.1920x1080.jpg?t=1728636264,https://shared.akamai.steamstatic.com/store_item_assets/steam/apps/554620/ss_fc6dca3d3cb84e7f4861a4ecf976c5bf3a74a838.1920x1080.jpg?t=1728636264,https://shared.akamai.steamstatic.com/store_item_assets/steam/apps/554620/ss_f2770087defda166eba8ed8aaadb63379274e2a6.1920x1080.jpg?t=1728636264,https://shared.akamai.steamstatic.com/store_item_assets/steam/apps/554620/ss_97e996960ace185b9a556837037e85be015e3116.1920x1080.jpg?t=1728636264,https://shared.akamai.steamstatic.com/store_item_assets/steam/apps/554620/ss_a9bba6bc1702b9c5caaadbc04545a6618adb4625.1920x1080.jpg?t=1728636264,https://shared.akamai.steamstatic.com/store_item_assets/steam/apps/554620/ss_2360fd38fa9c070092c2873c917939f3103788de.1920x1080.jpg?t=1728636264",
1265930,Life is Strange: Before the Storm Remastered,"Feb 1, 2022",100000 - 200000,39,17,11.99,70,1,"Life is Strange: Before the Storm returns with remastered visuals across characters &amp; environments. Set three years before ‘Life is Strange’, you play as sixteen-year old Chloe Price who forms an unlikely friendship with Rachel Amber, a beautiful and popular girl destined for success. When Rachel learns a secret about her family that threatens to destroy her world, it is her newfound friendship with Chloe that gives her the strength to carry on. No longer alone the girls must confront each other's demons and together, find a way to overcome them.","['English', 'French', 'Italian', 'German', 'Spanish - Spain', 'Portuguese - Brazil', 'Russian', 'Simplified Chinese', 'Spanish - Latin America', 'Japanese']","['English', 'Japanese']",,https://shared.akamai.steamstatic.com/store_item_assets/steam/apps/1265930/header.jpg?t=1748420948,https://www.lifeisstrange.com,http://sqex.to/steamsupport,,True,False,False,0,,0,2218,504,,34,2675,"Life is Strange: Before the Storm Remastered tells the emotionally real and compelling tale of a young woman, Chloe Price, who must help a new friend confront the secrets of her past, while struggling to rebuild her own life after loss. This Game may contain content not appropriate for all ages, and may not be appropriate for viewing at work, with cautions suggested for Violence, Blood, Sexual Themes, Strong Language, and Use of Drugs and Alcohol.",703,0,618,0,Deck Nine,Square Enix,"Single-player,Steam Achievements,Full controller support,Steam Cloud,Family Sharing","Action,Adventure","Choices Matter,Female Protagonist,LGBTQ+,Story Rich,Multiple Endings,Romance,Action,Third Person,Emotional,Drama,Adventure,Stylized,Mystery,Cinematic,Singleplayer,Supernatural,Narrative,Mature,Violent,Sexual Content","https://shared.akamai.steamstatic.com/store_item_assets/steam/apps/1265930/ss_f34c80092385e62ae5bbfee21cef7caf75de3ed2.1920x1080.jpg?t=1748420948,https://shared.akamai.steamstatic.com/store_item_assets/steam/apps/1265930/ss_dafb400b3d008fd21ac3915b1da3179aa1619966.1920x1080.jpg?t=1748420948,https://shared.akamai.steamstatic.com/store_item_assets/steam/apps/1265930/ss_3c5c14c09502452ee7b3ec63d32b83074dee6c23.1920x1080.jpg?t=1748420948,https://shared.akamai.steamstatic.com/store_item_assets/steam/apps/1265930/ss_0f24b24876863ca15f949693e4b546f7c827d8a9.1920x1080.jpg?t=1748420948,https://shared.akamai.steamstatic.com/store_item_assets/steam/apps/1265930/ss_aaf9ef4f23e0c0ded2ec39ae656d30e9cca7128a.1920x1080.jpg?t=1748420948,https://shared.akamai.steamstatic.com/store_item_assets/steam/apps/1265930/ss_4565b1666da4256d7a0b67920e2677ac2cac2432.1920x1080.jpg?t=1748420948,https://shared.akamai.steamstatic.com/store_item_assets/steam/apps/1265930/ss_b9c726e52e1b4aa417d09f249cc19f7b0ab2ea1f.1920x1080.jpg?t=1748420948,https://shared.akamai.steamstatic.com/store_item_assets/steam/apps/1265930/ss_774dcc55108c865fabfb4d27dfe22782074ea919.1920x1080.jpg?t=1748420948",
1874000,Life is Strange: Double Exposure,"Oct 29, 2024",100000 - 200000,34,17,24.99,0,2,"Max Caulfield, photographer-in-residence at the prestigious Caledon University, discovers her closest new friend, Safi, dead in the snow. Murdered. To save her, Max tries to Rewind time – a power she’s not used in years… instead, Max opens the way to a parallel timeline where Safi is still alive, and still in danger! Max realizes the killer will soon strike again – in both versions of reality. With her new power to Shift between two timelines – can Max solve and prevent the same murder? ORDINARY GIRL, EXTRAORDINARY POWER Max is thrust into a thrilling supernatural murder mystery – more dangerous than ever before! TRAVERSE TWO TIMELINES Forge allies and pursue suspects across two versions of reality, shaping both timelines through unforgettable choices. RACE AGAINST TIME A relentless detective has Max in his sights, and Safi’s killer grows closer with every clue uncovered. Can Max survive long enough – to do the impossible? DECIDE THE FATE OF CALEDON Explore two versions of a vivid winter campus, each packed with clues, secrets, and tough decisions. EXCLUSIVE SOUNDTRACK A rich original score, new songs, and thrilling licensed tracks!","['English', 'French', 'German', 'Spanish - Spain', 'Japanese', 'Korean', 'Portuguese - Brazil', 'Russian', 'Simplified Chinese', 'Spanish - Latin America', 'Traditional Chinese', 'Italian']","['English', 'French', 'German', 'Japanese', 'Italian']","“Excellent writing and exceptional characters make this a worthy sequel to the 2015 original.” 9/10 – IGN “A character-driven paranormal mystery that old fans and newcomers should embrace.” 9.5/10 – CGMagazine “...warm, deep and emotionally engaging.” 9/10 – Gaming Nexus",https://shared.akamai.steamstatic.com/store_item_assets/steam/apps/1874000/header.jpg?t=1747227819,https://www.lifeisstrange.com,https://support.square-enix-games.com/,,True,False,False,0,,0,5213,2394,,34,6440,,931,0,959,0,Deck Nine Games,Square Enix,"Single-player,Steam Achievements,Full controller support,Steam Trading Cards,Steam Cloud,Family Sharing","Action,Adventure","Choices Matter,LGBTQ+,Female Protagonist,Story Rich,Choose Your Own Adventure,Romance,Third Person,Action,Mystery,Emotional,Drama,Atmospheric,Adventure,Stylized,Cinematic,Supernatural,Singleplayer,Narrative,Multiple Endings,Great Soundtrack","https://shared.akamai.steamstatic.com/store_item_assets/steam/apps/1874000/ss_3356d63bf2b2fa2306a43e6a0553908e17732db8.1920x1080.jpg?t=1747227819,https://shared.akamai.steamstatic.com/store_item_assets/steam/apps/1874000/ss_7fc1fbd1fbcfe04d2a32972983ff3e465483edcd.1920x1080.jpg?t=1747227819,https://shared.akamai.steamstatic.com/store_item_assets/steam/apps/1874000/ss_a85aea632c7828e8084eb0f640b375bbaf6f348b.1920x1080.jpg?t=1747227819,https://shared.akamai.steamstatic.com/store_item_assets/steam/apps/1874000/ss_4eeac7642ef1bea76a8d7fb6a5e2acbbf03d70fc.1920x1080.jpg?t=1747227819,https://shared.akamai.steamstatic.com/store_item_assets/steam/apps/1874000/ss_a00a878586b3057eae6e509338f5d943a715ea03.1920x1080.jpg?t=1747227819,https://shared.akamai.steamstatic.com/store_item_assets/steam/apps/1874000/ss_3a53360208d3e9fccffcb2e905a12b74d8bd5d2c.1920x1080.jpg?t=1747227819,https://shared.akamai.steamstatic.com/store_item_assets/steam/apps/1874000/ss_5f78d1dedaf261f256a53bf7e72270f41f824b29.1920x1080.jpg?t=1747227819,https://shared.akamai.steamstatic.com/store_item_assets/steam/apps/1874000/ss_dfab79e5bc51b669383780f19bd47b90e8030713.1920x1080.jpg?t=1747227819",
936790,Life is Strange: True Colors,"Sep 9, 2021",500000 - 1000000,51,17,17.99,70,2,"A bold new era of the award-winning Life is Strange begins, with an all-new playable lead character and a thrilling mystery to solve! Alex Chen has long suppressed her 'curse': the supernatural ability to experience, absorb and manipulate the strong emotions of others, which she sees as blazing, colored auras. When her brother dies in a so-called accident, Alex must embrace her volatile power to find the truth – and uncover the dark secrets buried by a small town. THE TRUTH WILL HURT Discover the shocking secrets behind your brother’s death in an emotional roller-coaster of an adventure. FEEL EVERYTHING Change fate and change lives with the psychic power of Empathy. FORGE DEEP RELATIONSHIPS Build trust with the townsfolk – and embrace friendship or romance with Ryan and Steph. A TRULY PERSONAL STORY Make tough decisions and choose your own future. Freely roam the streets, stores, and hidden spaces of Haven Springs and meet unforgettable characters. FIND YOUR VOICE And decide Alex's style, with up to 24 outfits in your wardrobe. EXCLUSIVE SOUNDTRACK Original score by Angus &amp; Julia Stone, new tracks by mxmtoon and Novo Amor, and extensive licensed songs including Radiohead, Phoebe Bridgers, Gabrielle Aplin, and more.","['English', 'French', 'Italian', 'German', 'Spanish - Spain', 'Portuguese - Brazil', 'Russian', 'Simplified Chinese', 'Spanish - Latin America', 'Japanese']","['English', 'French', 'German', 'Japanese']",“An Emotionally Painted Masterpiece.” 9.5/10 – Wccftech “A joy to play.” 9/10 – Destructoid “One of the best protagonists I’ve encountered in years.” 8.5/10 – Game Informer,https://shared.akamai.steamstatic.com/store_item_assets/steam/apps/936790/header.jpg?t=1724158997,https://www.lifeisstrange.com,https://support.square-enix-games.com/,,True,False,False,0,,0,13836,1716,,40,11806,"Life is Strange: True Colors is a narrative adventure featuring Alex Chen, a young woman with an astonishing supernatural power, through which she can experience the strong emotions of others. While Alex’s power will lead to moments of great Joy, it also brings her into the orbit of violent Anger, world-altering Sadness, and irrepressible Fear. As she probes the mysteries of Haven Springs, revealing its secrets, Alex will discover moments of quiet transcendence – but also be drawn into moments of sudden, bloody violence - with lasting consequences. The game also features strong language, drug reference, some suggestive themes, and the use of alcohol.",728,522,742,522,Deck Nine,Square Enix,"Single-player,Steam Achievements,Full controller support,Steam Trading Cards,Steam Cloud,Family Sharing","Action,Adventure","Choices Matter,Story Rich,LGBTQ+,Female Protagonist,Multiple Endings,Choose Your Own Adventure,Romance,Emotional,Third Person,Atmospheric,Drama,Adventure,Singleplayer,Action,Mystery,Cinematic,Stylized,Narrative,Mature,Supernatural","https://shared.akamai.steamstatic.com/store_item_assets/steam/apps/936790/ss_93afc98cccbc51c1364fedb56548896c69ef3704.1920x1080.jpg?t=1724158997,https://shared.akamai.steamstatic.com/store_item_assets/steam/apps/936790/ss_92b4caae062d5aebe04ab738db4b78d1c623e3c5.1920x1080.jpg?t=1724158997,https://shared.akamai.steamstatic.com/store_item_assets/steam/apps/936790/ss_e5627051a221b6630cb3d9dacc69065fd1a4f8da.1920x1080.jpg?t=1724158997,https://shared.akamai.steamstatic.com/store_item_assets/steam/apps/936790/ss_57a8d1468ecbd7fe2f9629b024dd41ba33187148.1920x1080.jpg?t=1724158997,https://shared.akamai.steamstatic.com/store_item_assets/steam/apps/936790/ss_9d3698ec2b942b399792e158a810c324bc265724.1920x1080.jpg?t=1724158997,https://shared.akamai.steamstatic.com/store_item_assets/steam/apps/936790/ss_2d6ddcab998249ccfe50a485ddab78f6c8754f05.1920x1080.jpg?t=1724158997,https://shared.akamai.steamstatic.com/store_item_assets/steam/apps/936790/ss_7bc096f1671436306b650fbacc82ce476749df1f.1920x1080.jpg?t=1724158997,https://shared.akamai.steamstatic.com/store_item_assets/steam/apps/936790/ss_5ed82644652a80b5b26310c7f7f55b68186af4ab.1920x1080.jpg?t=1724158997,https://shared.akamai.steamstatic.com/store_item_assets/steam/apps/936790/ss_5b4c4a9e459f08b3ca6a97a98ad5fb0e5be4756c.1920x1080.jpg?t=1724158997,https://shared.akamai.steamstatic.com/store_item_assets/steam/apps/936790/ss_9f0dc678345ca808372ea4e0af1349ce4154cdef.1920x1080.jpg?t=1724158997,https://shared.akamai.steamstatic.com/store_item_assets/steam/apps/936790/ss_acd749a4cdf9aa8d9f31052d33e4d47d621ea66a.1920x1080.jpg?t=1724158997,https://shared.akamai.steamstatic.com/store_item_assets/steam/apps/936790/ss_a4a96173729e2b5f25c3d42098678b07f742b41e.1920x1080.jpg?t=1724158997",
2651280,Marvel's Spider-Man 2,"Jan 30, 2025",500000 - 1000000,1348,0,47.99,20,0,"Edition includes: Marvel’s Spider-Man 2 Spider-Sense tingling… Mask-up for more thrilling web-slinging heroics as Marvel’s Spider-Man 2 swings onto PC. Developed by Insomniac Games in collaboration with Marvel, and optimized for PC by Nixxes Software. A city under siege! Spider-Men Peter Parker and Miles Morales face the ultimate test of strength inside and outside the mask as they fight to save the city, each other and the ones they love, from the monstrous Venom and the dangerous new symbiote threat. Traverse an expanded Marvel’s New York Explore a larger Marvel’s New York than ever before, featuring two new boroughs – Brooklyn and Queens – as well as locations like Coney Island, and more. Swing, jump, and utilize the new Web Wings to travel across the city, switching between Peter Parker and Miles Morales in open world exploration to experience different stories and epic new powers. Experience two playable Spider-Men Wield Peter’s new symbiote abilities and Miles’ explosive bio-electric venom powers, and discover upgradeable, high-tech equipment that enhances the combat experience for extensive gameplay depth and variety. Battle iconic Marvel Super Villains Fight against a variety of new and iconic villains, including an original take on the monstrous Venom, the ruthless Kraven the Hunter, the volatile Lizard, and many more! A more accessible Spider-Man experience Support for a range of accessibility features strives to create a Marvel’s Spider-Man experience without barriers, that can be enjoyed by more players of different abilities. PC features PC optimized graphics Save the day in style with your choice of graphical quality options, as well as unlocked framerates for smooth Super-Hero antics. Enjoy support for performance-enhancing technologies including NVIDIA DLSS 3 and AMD FSR 3.1 upscaling and frame generation¹. Intel XeSS upscaling is also supported.¹ Improved ray-tracing ¹ Ray-traced reflections, ray-traced shadows and ray-traced ambient occlusion bring the sights of Marvel’s New York to life all around you. Choose from a selection of quality modes and take in the breathtaking views from up high. For NVIDIA GeForce RTX GPU users, DLSS Ray Reconstruction is available. This technique uses an NVIDIA supercomputer-trained AI network that generates higher-quality pixels in between sampled rays, resulting in sharper and more accurate ray-traced images. Ultra-wide monitor support ² Discover great image clarity through support for a range of screen setups, including 16:9, 16:10, 21:9, 32:9, and 48:9 resolutions with triple monitor setups using NVIDIA Surround or AMD Eyefinity. PlayStation® overlay and trophies The PlayStation overlay is available for Windows PC players with an account for PlayStation Network to earn PlayStation Trophies and access Friends lists, settings, and player profile. Press the Shift key and F1 key shortcut or follow the in-game menu to open the overlay. Controls and customization Feel the true power of Spider-Man with the PlayStation DualSense® controller on a wired USB connection, or full mouse and keyboard support. DualSense haptic feedback³ The responsive vibrations of the DualSense controller bring Peter Parker’s symbiote abilities and Miles Morales’ bio-electric skills to your fingertips. DualSense adaptive triggers³ Master acrobatic moves, execute thrilling combos, and experience the breathtaking excitement of web-swinging traversal through the DualSense controller’s adaptive triggers. ¹ Compatible PC required. ² Compatible PC and display device required. ³ Wired connection required to experience the full range of in-game controller features.","['English', 'French', 'Italian', 'German', 'Spanish - Spain', 'Arabic', 'Czech', 'Danish', 'Dutch', 'Finnish', 'Greek', 'Hungarian', 'Indonesian', 'Japanese', 'Korean', 'Norwegian', 'Polish', 'Portuguese - Brazil', 'Portuguese - Portugal', 'Russian', 'Simplified Chinese', 'Spanish - Latin America', 'Swedish', 'Thai', 'Traditional Chinese', 'Vietnamese']","['English', 'French', 'Italian', 'German', 'Spanish - Spain', 'Arabic', 'Japanese', 'Polish', 'Portuguese - Brazil', 'Portuguese - Portugal', 'Russian', 'Spanish - Latin America', 'Vietnamese']",,https://shared.akamai.steamstatic.com/store_item_assets/steam/apps/2651280/header.jpg?t=1763569811,https://www.playstation.com/games/marvels-spider-man-2/marvels-spider-man-2-pc/,https://www.playstation.com/support/,,True,False,False,0,,0,14423,4589,,43,21791,,1445,435,1377,534,"Insomniac Games,Nixxes Software",PlayStation Publishing LLC,"Single-player,Steam Achievements,Full controller support,Adjustable Text Size,Camera Comfort,Color Alternatives,Custom Volume Controls,Adjustable Difficulty,Narrated Game Menus,Playable without Timed Input,Save Anytime,Stereo Sound,Subtitle Options,Surround Sound,Steam Cloud,HDR available,Family Sharing","Action,Adventure","Action,Superhero,Open World,Singleplayer,Adventure,Action-Adventure,Third Person,Story Rich,LGBTQ+,Political,Comic Book,Stealth,Great Soundtrack,Atmospheric,Politics,Controller,Exploration,Beat 'em up,Multiplayer,Combat","https://shared.akamai.steamstatic.com/store_item_assets/steam/apps/2651280/ss_e4b67059ddedaeebd91fce113745f3eb99736f56.1920x1080.jpg?t=1763569811,https://shared.akamai.steamstatic.com/store_item_assets/steam/apps/2651280/ss_b4be948946130b7e140be82f24f1f9ccefae9117.1920x1080.jpg?t=1763569811,https://shared.akamai.steamstatic.com/store_item_assets/steam/apps/2651280/ss_f4140ba12158b812d9c1adc86c484d8e84b92e92.1920x1080.jpg?t=1763569811,https://shared.akamai.steamstatic.com/store_item_assets/steam/apps/2651280/ss_7ef8bc176702470fdc73f62f8e537c3912e70444.1920x1080.jpg?t=1763569811,https://shared.akamai.steamstatic.com/store_item_assets/steam/apps/2651280/ss_474a7ffe98998719c22025cc99da1f45dfca025e.1920x1080.jpg?t=1763569811,https://shared.akamai.steamstatic.com/store_item_assets/steam/apps/2651280/ss_aa8346cf207a1e114c5f9e7f6c3086c5dc9c3050.1920x1080.jpg?t=1763569811,https://shared.akamai.steamstatic.com/store_item_assets/steam/apps/2651280/ss_b34716a6d4505bfe32f83530e46aac5a5728f441.1920x1080.jpg?t=1763569811,https://shared.akamai.steamstatic.com/store_item_assets/steam/apps/2651280/ss_0fda7c96ee3f16038559fffa8c2cd7b3ac433c2b.1920x1080.jpg?t=1763569811,https://shared.akamai.steamstatic.com/store_item_assets/steam/apps/2651280/ss_2fb76f7e76dbddf87715d18ae1bcb5cd1dda5747.1920x1080.jpg?t=1763569811,https://shared.akamai.steamstatic.com/store_item_assets/steam/apps/2651280/ss_74e612eb0ae275bd6e7f69d407dda8b03d83629f.1920x1080.jpg?t=1763569811,https://shared.akamai.steamstatic.com/store_item_assets/steam/apps/2651280/ss_03d59d4e4a6638b1e0200bc3dde2a0b0d1a43ada.1920x1080.jpg?t=1763569811,https://shared.akamai.steamstatic.com/store_item_assets/steam/apps/2651280/ss_cde4862328227ea8cfb2981c92b6411b705ed0f4.1920x1080.jpg?t=1763569811,https://shared.akamai.steamstatic.com/store_item_assets/steam/apps/2651280/ss_c6a0adf568d91d49a5c0f7f5e4df7e1cef71ee28.1920x1080.jpg?t=1763569811",
1817070,Marvel’s Spider-Man Remastered,"Aug 12, 2022",2000000 - 5000000,1190,0,23.99,60,0,"Developed by Insomniac Games in collaboration with Marvel, and optimized for PC by Nixxes Software, Marvel's Spider-Man Remastered on PC introduces an experienced Peter Parker who’s fighting big crime and iconic villains in Marvel’s New York. At the same time, he’s struggling to balance his chaotic personal life and career while the fate of Marvel’s New York rests upon his shoulders. Key Features Be Greater When iconic Marvel villains threaten Marvel’s New York, Peter Parker and Spider-Man’s worlds collide. To save the city and those he loves, he must rise up and be greater. Feel like Spider-Man After eight years behind the mask, Peter Parker is a crime-fighting master. Feel the full power of a more experienced Spider-Man with improvisational combat, dynamic acrobatics, fluid urban traversal and environmental interactions. Worlds collide The worlds of Peter Parker and Spider-Man collide in an original action-packed story. In this new Spider-Man universe, iconic characters from Peter and Spider-Man’s lives have been reimagined, placing familiar characters in unique roles. Marvel’s New York is your playground The Big Apple comes to life in Marvel’s Spider-Man. Swing through vibrant neighborhoods and catch breathtaking views of iconic Marvel and Manhattan landmarks. Use the environment to defeat villains with epic takedowns in true blockbuster action. Enjoy The City That Never Sleeps complete content Following the events of the main story of Marvel’s Spider-Man Remastered, experience the continuation of Peter Parker’s journey in Marvel’s Spider-Man: The City That Never Sleeps, three story chapters with additional missions and challenges to discover. PC Features PC Optimized Graphics Enjoy a variety of graphics quality options to tailor to a wide range of devices, unlocked framerates, and support for other technologies including performance boosting NVIDIA DLSS and image quality enhancing NVIDIA DLAA. Upscaling technology AMD FSR 2.0 is also supported. Ray-traced reflections and improved shadows* See the city come to life with improved shadows and stunning ray-traced reflection options with a variety of quality modes to choose from. Ultra-wide Monitor support** Take in the cinematic sights of Marvel’s New York with support for a range of screen setups, including 16:9, 16:10, 21:9, 32:9, and 48:9 resolutions with triple monitor setups using NVIDIA Surround or AMD Eyefinity. Controls and Customization Feel what it’s like to play as Spider-Man through immersive haptic feedback and dynamic trigger effects using a PlayStation DualSense™ controller on a wired USB connection. Enjoy full mouse and keyboard support with various customizable control options. *Compatible PC required **Compatible PC and display device required.","['English', 'French', 'Italian', 'German', 'Spanish - Spain', 'Czech', 'Danish', 'Dutch', 'Finnish', 'Greek', 'Hungarian', 'Japanese', 'Korean', 'Norwegian', 'Polish', 'Portuguese - Portugal', 'Portuguese - Brazil', 'Russian', 'Spanish - Latin America', 'Swedish', 'Traditional Chinese']","['English', 'French', 'Italian', 'German', 'Spanish - Spain', 'Japanese', 'Polish', 'Portuguese - Portugal', 'Portuguese - Brazil', 'Russian', 'Spanish - Latin America', 'Traditional Chinese']",,https://shared.akamai.steamstatic.com/store_item_assets/steam/apps/1817070/header.jpg?t=1763569047,https://www.playstation.com/games/marvels-spider-man-remastered/pc/,https://www.playstation.com/support/,,True,False,False,0,,0,107786,4606,,78,86542,,1613,617,1346,441,"Insomniac Games,Nixxes Software",PlayStation Publishing LLC,"Single-player,Steam Achievements,Adjustable Text Size,Camera Comfort,Color Alternatives,Custom Volume Controls,Adjustable Difficulty,Playable without Timed Input,Save Anytime,Stereo Sound,Subtitle Options,Surround Sound,Partial Controller Support,Steam Cloud,Remote Play on TV,Family Sharing","Action,Adventure,Casual","Open World,Superhero,Action,Singleplayer,Story Rich,Adventure,Combat,Action-Adventure,Third Person,Parkour,Comic Book,Exploration,Beautiful,Stealth,Great Soundtrack,Funny,Atmospheric,Sci-fi,Multiplayer,Controller","https://shared.akamai.steamstatic.com/store_item_assets/steam/apps/1817070/ss_dfe778bf6d66e952e4acd4e1f926f7615b609ddf.1920x1080.jpg?t=1763569047,https://shared.akamai.steamstatic.com/store_item_assets/steam/apps/1817070/ss_427677cf78195df94702f0a963cd9eaeb9d8935a.1920x1080.jpg?t=1763569047,https://shared.akamai.steamstatic.com/store_item_assets/steam/apps/1817070/ss_dfba6f2477bfa42be69ddfdffbd421d3943d20bf.1920x1080.jpg?t=1763569047,https://shared.akamai.steamstatic.com/store_item_assets/steam/apps/1817070/ss_5b5448df07bc74ba236f2c007fd0ec19cc1d22b6.1920x1080.jpg?t=1763569047,https://shared.akamai.steamstatic.com/store_item_assets/steam/apps/1817070/ss_ad14a7daa190cb150fbb070afc70bc64d66a5e2e.1920x1080.jpg?t=1763569047,https://shared.akamai.steamstatic.com/store_item_assets/steam/apps/1817070/ss_000ef57509c773d07a94c1b8c27a8f8966274d62.1920x1080.jpg?t=1763569047,https://shared.akamai.steamstatic.com/store_item_assets/steam/apps/1817070/ss_7be97aa12cfc0e8feccdbb95dac3de71480f2140.1920x1080.jpg?t=1763569047,https://shared.akamai.steamstatic.com/store_item_assets/steam/apps/1817070/ss_7c2b250a3dfcf7a48b61e6b911894be1d78be8ec.1920x1080.jpg?t=1763569047,https://shared.akamai.steamstatic.com/store_item_assets/steam/apps/1817070/ss_e425f5f97ece3ab8cfa09747dafeac2dd44a9b29.1920x1080.jpg?t=1763569047,https://shared.akamai.steamstatic.com/store_item_assets/steam/apps/1817070/ss_85d37c08a4fc1aeb32b6de7ee442e9344cb8be20.1920x1080.jpg?t=1763569047,https://shared.akamai.steamstatic.com/store_item_assets/steam/apps/1817070/ss_73ced9962bb16165dc46b60b9f8e43901afd4155.1920x1080.jpg?t=1763569047",
1817190,Marvel’s Spider-Man: Miles Morales,"Nov 18, 2022",1000000 - 2000000,377,0,19.99,60,0,"Following the events of Marvel’s Spider-Man Remastered , teenager Miles Morales is adjusting to his new home while following in the footsteps of his mentor, Peter Parker, as a new Spider-Man. But when a fierce power struggle threatens to destroy his new home, the aspiring hero realizes that with great power, there must also come great responsibility. To save all of Marvel’s New York, Miles must take up the mantle of Spider-Man and own it. Key Features The Rise of Miles Morales Miles Morales discovers explosive powers that set him apart from his mentor, Peter Parker. Master his unique, bio-electric venom blast attacks and covert camouflage power alongside spectacular web-slinging acrobatics, gadgets and skills. A War for Power A war for control of Marvel’s New York has broken out between a devious energy corporation and a high-tech criminal army. With his new home at the heart of the battle, Miles must learn the cost of becoming a hero and decide what he must sacrifice for the greater good. A Vibrant New Home Traverse the snowy streets of his new, vibrant, and bustling neighborhood as Miles searches for a sense of belonging. When the lines blur between his personal and crime-fighting lives, he discovers who he can trust, and what it feels like to truly be home. PC Features PC Optimized Graphics Enjoy a variety of graphics quality options to tailor to a wide range of devices, unlocked framerates, and support for other technologies including performance boosting NVIDIA DLSS 3 and NVIDIA DLSS 2, image quality enhancing NVIDIA DLAA, and latency-reducing NVIDIA Reflex. Upscaling technologies AMD FSR 2.1, Intel XeSS and IGTI are also supported. Ray-traced reflections and shadows* See the city come to life with stunning ray-traced reflection and ray-traced shadow options with a variety of quality modes to choose from. Ultra-wide Monitor support** Take in the cinematic sights of Marvel’s New York with support for a range of screen setups, including 16:9, 16:10, 21:9, 32:9, and 48:9 resolutions. 48:9 resolutions with triple monitor setups are compatible with NVIDIA Surround or AMD Eyefinity. Controls and Customization Feel what it’s like to play as Spider-Man through immersive haptic feedback and dynamic trigger effects using a PlayStation DualSense™ controller on a wired USB connection. Enjoy full mouse and keyboard support with various customizable control options. *Compatible PC required **Compatible PC and display device required","['English', 'French', 'Italian', 'German', 'Spanish - Spain', 'Czech', 'Danish', 'Dutch', 'Finnish', 'Greek', 'Hungarian', 'Japanese', 'Korean', 'Norwegian', 'Polish', 'Portuguese - Brazil', 'Portuguese - Portugal', 'Russian', 'Simplified Chinese', 'Spanish - Latin America', 'Swedish', 'Traditional Chinese']","['English', 'French', 'Italian', 'German', 'Spanish - Spain', 'Japanese', 'Polish', 'Portuguese - Brazil', 'Portuguese - Portugal', 'Russian', 'Spanish - Latin America', 'Traditional Chinese']",,https://shared.akamai.steamstatic.com/store_item_assets/steam/apps/1817190/header.jpg?t=1763569499,https://www.playstation.com/games/marvels-spider-man-miles-morales/pc/,https://www.playstation.com/support/,,True,False,False,0,,0,40722,2959,,50,33225,,879,173,729,248,"Insomniac Games,Nixxes Software",PlayStation Publishing LLC,"Single-player,Steam Achievements,Adjustable Text Size,Camera Comfort,Color Alternatives,Custom Volume Controls,Adjustable Difficulty,Playable without Timed Input,Save Anytime,Stereo Sound,Subtitle Options,Surround Sound,Partial Controller Support,Steam Cloud,Remote Play on TV,Family Sharing","Action,Adventure","Open World,Action,Singleplayer,Superhero,Adventure,Third Person,Combat,Parkour,Story Rich,Exploration,Action-Adventure,Stealth,Comic Book,Beat 'em up,Great Soundtrack,Multiplayer,Beautiful,Sci-fi,RPG,Mature","https://shared.akamai.steamstatic.com/store_item_assets/steam/apps/1817190/ss_a240e0c6f37569493ed749d9317718d8ce9f5d18.1920x1080.jpg?t=1763569499,https://shared.akamai.steamstatic.com/store_item_assets/steam/apps/1817190/ss_02bb2ac97c3ce854344a537d9ed89c70ba45c3d3.1920x1080.jpg?t=1763569499,https://shared.akamai.steamstatic.com/store_item_assets/steam/apps/1817190/ss_616a0e2ab905281a483d99d0e1f07fc0749770d2.1920x1080.jpg?t=1763569499,https://shared.akamai.steamstatic.com/store_item_assets/steam/apps/1817190/ss_1950c472438a5ccde0f9e7c112dceaddd7cd52f1.1920x1080.jpg?t=1763569499,https://shared.akamai.steamstatic.com/store_item_assets/steam/apps/1817190/ss_4198c024c13b1477240cf043cd4f7867913f77e1.1920x1080.jpg?t=1763569499,https://shared.akamai.steamstatic.com/store_item_assets/steam/apps/1817190/ss_971beba92204ad268878b23aa5288cc4f2118788.1920x1080.jpg?t=1763569499,https://shared.akamai.steamstatic.com/store_item_assets/steam/apps/1817190/ss_beff0e42c05657a30af3adfdc61499e836b8830e.1920x1080.jpg?t=1763569499,https://shared.akamai.steamstatic.com/store_item_assets/steam/apps/1817190/ss_34cd494551068f3c83179942b6964ece1333ccda.1920x1080.jpg?t=1763569499,https://shared.akamai.steamstatic.com/store_item_assets/steam/apps/1817190/ss_c40ac4dddfc77f25bc0989cac8e7f5823998cdd3.1920x1080.jpg?t=1763569499,https://shared.akamai.steamstatic.com/store_item_assets/steam/apps/1817190/ss_515bc875181014b2b59c77b15959cc5958d9d587.1920x1080.jpg?t=1763569499,https://shared.akamai.steamstatic.com/store_item_assets/steam/apps/1817190/ss_7eef506e91053092c0dd6b119ebc963aa11c0815.1920x1080.jpg?t=1763569499,https://shared.akamai.steamstatic.com/store_item_assets/steam/apps/1817190/ss_0870e362c2a29d1d09c47bbe1bf7e022ed5f91e4.1920x1080.jpg?t=1763569499",
2527500,MiSide,"Dec 10, 2024",1000000 - 2000000,631,0,11.99,20,1,"Every day, you will come to see me, help me with chores, cook for me, and buy me gifts. You are so nice! I love you! I want to keep you with me every day, and live with you every day~ I know you also want to be with me every day, so I let you to come to our sweet home~ How is that? Are you happy? That way we can stay together all the time! Let's take a selfie first, It will last longer~ Enjoy a wonderful lunch together~ You may feel sudden, but it doesn't matter. I don't care as long as we can be together~ Why does it feel like you are so eager to go back ? Don't you love me anymore? Why are you leaving? Why are you leaving? Why are you leaving? Why are you leaving! Original visual style The authors hope to emphasize the contrast of colorful anime style against the background of the disturbing adventures of the main character. Interesting plot The game has an unexpectedly developing storyline, accompanied by psychological tension. Original musical accompaniment The game experience is accompanied by an authentic warm soundtrack, transitioning into an atmospheric ambient. Unique Characters In the world of MiSide, the player will encounter various characters who play a role in the narrative part of the game to varying degrees. Helping the hero, scaring him, or just messing with him. ※This game contains intense scenes. It is not recommended for those with weak hearts.","['English', 'Russian', 'Japanese', 'Simplified Chinese', 'French', 'German', 'Korean', 'Italian', 'Spanish - Spain', 'Ukrainian', 'Turkish', 'Polish', 'Portuguese - Brazil', 'Portuguese - Portugal', 'Spanish - Latin America', 'Vietnamese', 'Hungarian', 'Indonesian', 'Thai', 'Swedish', 'Romanian', 'Traditional Chinese', 'Persian', 'Serbian', 'Filipino', 'Croatian', 'Bulgarian', 'Czech', 'Belarusian', 'Kazakh', 'Slovak']","['English', 'Russian', 'Japanese', 'Simplified Chinese', 'French', 'German', 'Spanish - Spain', 'Turkish', 'Portuguese - Brazil', 'Portuguese - Portugal', 'Spanish - Latin America', 'Slovak']",,https://shared.akamai.steamstatic.com/store_item_assets/steam/apps/2527500/header.jpg?t=1761879413,,,aihastojog@gmail.com,True,False,False,0,,0,108883,2204,,26,113719,"- In the settings there is an option to enable censorship. - The game contains murder scenes, also present: blood, corpses, dismemberment.",368,4,325,5,AIHASTO,"IndieArk,Shochiku (Japan)","Single-player,Steam Achievements,Family Sharing","Adventure,Indie,RPG,Simulation","Psychological Horror,Cute,Story Rich,Horror,First-Person,Singleplayer,Sexual Content,3D,Atmospheric,Thriller,Conversation,Adventure,Puzzle,Drama,Anime,Simulation,Life Sim,Hentai,RPG,2D","https://shared.akamai.steamstatic.com/store_item_assets/steam/apps/2527500/ss_7d0dff5dd742b106889cde15fff3be6c4d521bb1.1920x1080.jpg?t=1761879413,https://shared.akamai.steamstatic.com/store_item_assets/steam/apps/2527500/ss_bbcfb91713fd45ebf7e8f8d9c5c6c2a194ef00a8.1920x1080.jpg?t=1761879413,https://shared.akamai.steamstatic.com/store_item_assets/steam/apps/2527500/ss_4887e0489485c5ed91ff192fe927a3d7470a29f0.1920x1080.jpg?t=1761879413,https://shared.akamai.steamstatic.com/store_item_assets/steam/apps/2527500/ss_f56c830c4c670a0607d6d9cfe6e2199943b4b96a.1920x1080.jpg?t=1761879413,https://shared.akamai.steamstatic.com/store_item_assets/steam/apps/2527500/ss_a2a64803e6c0160a1f290f4bd0d94cc83bbb42fa.1920x1080.jpg?t=1761879413,https://shared.akamai.steamstatic.com/store_item_assets/steam/apps/2527500/ss_31af73d2dd9af2608463c5a39158c3e0adf277ae.1920x1080.jpg?t=1761879413,https://shared.akamai.steamstatic.com/store_item_assets/steam/apps/2527500/ss_7f327615a5938bea292a6307dc10edb152023e52.1920x1080.jpg?t=1761879413,https://shared.akamai.steamstatic.com/store_item_assets/steam/apps/2527500/ss_b65b001751579fcfb3bc1d77899a71d83186a079.1920x1080.jpg?t=1761879413,https://shared.akamai.steamstatic.com/store_item_assets/steam/apps/2527500/ss_0052fb30551d9d7bb6e342ee47005f57856d0a16.1920x1080.jpg?t=1761879413",
1404210,Red Dead Online,"Dec 1, 2020",2000000 - 5000000,2207,17,9.99,50,0,"Step into the vibrant, ever-evolving world of Red Dead Online and experience life across frontier America. Forge your own path as you battle lawmen, outlaw gangs and ferocious wild animals to build a life on the American frontier. Build a camp, ride solo or form a posse and explore everything from the snowy mountains in the North to the swamps of the South, from remote outposts to busy farms and bustling towns. Chase down bounties, hunt, fish and trade, search for exotic treasures, run your own underground Moonshine distillery, or become a Naturalist to learn the secrets of the animal kingdom and much more in a world of astounding depth and detail. Join millions of fellow players in the American West, and experience a world now packed with years’ worth of new features, gameplay and additional enhancements. Includes Red Dead Online. Red Dead Redemption 2: Story Mode must be purchased separately.","['English', 'French', 'Italian', 'German', 'Spanish - Spain', 'Japanese', 'Korean', 'Polish', 'Russian', 'Simplified Chinese', 'Spanish - Latin America', 'Traditional Chinese', 'Portuguese - Brazil']","['English', 'Portuguese - Brazil']",,https://shared.akamai.steamstatic.com/store_item_assets/steam/apps/1404210/header.jpg?t=1759502979,https://www.rockstargames.com/reddeadredemption2/,https://support.rockstargames.com/,,True,False,False,0,,0,55526,11255,,0,58374,,2718,843,715,1220,Rockstar Games,Rockstar Games,"Multi-player,PvP,Online PvP,Co-op,Online Co-op,Steam Achievements,In-App Purchases,Partial Controller Support,Remote Play on Phone,Remote Play on Tablet","Action,Adventure","Open World,Multiplayer,Western,Action,Adventure,Horses,Realistic,Shooter,Online Co-Op,Third-Person Shooter,Character Customization,PvP,Story Rich,Singleplayer,Co-op,Violent,First-Person,MMORPG,Controller,Gore","https://shared.akamai.steamstatic.com/store_item_assets/steam/apps/1404210/ss_d9df4417af3fb8689293dcfe984070df4800215f.1920x1080.jpg?t=1759502979,https://shared.akamai.steamstatic.com/store_item_assets/steam/apps/1404210/ss_11910cbe7b91268b17351baf2720af4f39395c08.1920x1080.jpg?t=1759502979,https://shared.akamai.steamstatic.com/store_item_assets/steam/apps/1404210/ss_f84914f1d33becb92037057e70f9699dda5c74e4.1920x1080.jpg?t=1759502979,https://shared.akamai.steamstatic.com/store_item_assets/steam/apps/1404210/ss_5d630173ec9e53bd0c6740c6b34141718a2fd6a6.1920x1080.jpg?t=1759502979,https://shared.akamai.steamstatic.com/store_item_assets/steam/apps/1404210/ss_74cfc4262102e698745e7004fe7726f59f67c3eb.1920x1080.jpg?t=1759502979",
2668510,Red Dead Redemption,"Oct 29, 2024",200000 - 500000,504,17,24.99,50,0,"This product includes the digital version of Red Dead Redemption and Undead Nightmare for PC. Featuring the complete single-player experiences of both games, including bonus content from the Game of the Year Edition. Red Dead Redemption does not feature multiplayer content. Experience the story of former outlaw John Marston as he tracks down the last remaining members of the notorious Van der Linde Gang in the PC debut of the critically acclaimed predecessor to Red Dead Redemption 2. Red Dead Redemption and its iconic zombie-horror companion story, Undead Nightmare, can now be enjoyed on PC in stunning detail together in one stellar package. Red Dead Redemption includes new features to bring the game to life on PC, with HDR lighting, native 4K resolution at up to 144hz on supported hardware, monitor support for Ultrawide (21:9) and Super Ultrawide (32:9), adjustable draw distances, shadow quality settings, and more.","['English', 'French', 'Italian', 'German', 'Spanish - Spain', 'Korean', 'Russian', 'Simplified Chinese', 'Spanish - Latin America', 'Traditional Chinese', 'Japanese', 'Polish', 'Portuguese - Brazil']","['English', 'Portuguese - Brazil']",,https://shared.akamai.steamstatic.com/store_item_assets/steam/apps/2668510/header.jpg?t=1741118459,https://www.rockstargames.com/reddeadredemption,http://www.rockstargames.com/support,,True,False,False,0,,0,9619,787,,51,14267,,1078,304,564,219,"Rockstar Games,Double Eleven",Rockstar Games,"Single-player,Steam Achievements,Full controller support,HDR available",Action,"Open World,Western,Story Rich,Singleplayer,Action,Zombies,Action-Adventure,Third-Person Shooter,Atmospheric,Great Soundtrack,Adventure,3D,Shooter,Third Person,Narration,Sexual Content,Classic,Blood,Gore,Nudity","https://shared.akamai.steamstatic.com/store_item_assets/steam/apps/2668510/ss_ba2c07c5db3da423ea658a49dd7a1aef30cdd43f.1920x1080.jpg?t=1741118459,https://shared.akamai.steamstatic.com/store_item_assets/steam/apps/2668510/ss_b44b734bf7ffdb7f6c4b5b3d1001f31f8eee01fc.1920x1080.jpg?t=1741118459,https://shared.akamai.steamstatic.com/store_item_assets/steam/apps/2668510/ss_05772b62ff72903c917ed271ee31fb540a334325.1920x1080.jpg?t=1741118459,https://shared.akamai.steamstatic.com/store_item_assets/steam/apps/2668510/ss_6577ffb3592613a13366aa3680d23578dd9099a2.1920x1080.jpg?t=1741118459,https://shared.akamai.steamstatic.com/store_item_assets/steam/apps/2668510/ss_8d45239f5f6ed57bcf7a3b6bf7f5b23fa7d76a57.1920x1080.jpg?t=1741118459,https://shared.akamai.steamstatic.com/store_item_assets/steam/apps/2668510/ss_c9731b7e8e20d342786d47955bb55cecb0d163d7.1920x1080.jpg?t=1741118459,https://shared.akamai.steamstatic.com/store_item_assets/steam/apps/2668510/ss_5dfb3b435eb75fb5546a1f0aeb64b34e7feb4dea.1920x1080.jpg?t=1741118459,https://shared.akamai.steamstatic.com/store_item_assets/steam/apps/2668510/ss_5504aba34531a564f15b3345ae96464bcdf36298.1920x1080.jpg?t=1741118459,https://shared.akamai.steamstatic.com/store_item_assets/steam/apps/2668510/ss_732808f29f7dcfa86d0bf42548f9b647a430fb73.1920x1080.jpg?t=1741118459,https://shared.akamai.steamstatic.com/store_item_assets/steam/apps/2668510/ss_b23f5fe259eed0aead274b670e357d087fa3b1f4.1920x1080.jpg?t=1741118459",
1174180,Red Dead Redemption 2,"Dec 5, 2019",10000000 - 20000000,29885,17,14.99,75,0,"America, 1899. Arthur Morgan and the Van der Linde Gang are outlaws on the run. With federal agents and the best bounty hunters in the nation massing on their heels, the gang must rob, steal, and fight their way across the rugged heartland of America in order to survive. As deepening internal divisions threaten to tear the gang apart, Arthur must make a choice between his own ideals and loyalty to the gang who raised him. Winner of over 175 Game of the Year Awards and recipient of over 250 perfect scores, Red Dead Redemption 2 is an epic tale of honor and loyalty at the dawn of the modern age. Red Dead Redemption 2 also includes Red Dead Online — the multiplayer experience set in the living world of Red Dead Redemption 2 — ride solo or form a posse; run moonshine; battle lawmen, outlaw gangs, ferocious wild animals, and much more as you forge your own path on the American frontier.","['English', 'French', 'Italian', 'German', 'Spanish - Spain', 'Japanese', 'Korean', 'Polish', 'Russian', 'Simplified Chinese', 'Spanish - Latin America', 'Traditional Chinese', 'Portuguese - Brazil']","['English', 'Portuguese - Brazil']",,https://shared.akamai.steamstatic.com/store_item_assets/steam/apps/1174180/header.jpg?t=1759502961,https://www.rockstargames.com/reddeadredemption2/,https://support.rockstargames.com/,,True,False,False,93,https://www.metacritic.com/game/pc/red-dead-redemption-2?ftag=MCD-06-10aaa1f,0,676667,56875,,51,754405,,4354,390,1828,143,Rockstar Games,Rockstar Games,"Single-player,Multi-player,PvP,Online PvP,Co-op,Online Co-op,Steam Achievements,In-App Purchases,Partial Controller Support,Remote Play on Phone,Remote Play on Tablet","Action,Adventure","Open World,Story Rich,Western,Adventure,Multiplayer,Action,Realistic,Singleplayer,Shooter,Atmospheric,Horses,Beautiful,Mature,Third-Person Shooter,Great Soundtrack,Third Person,Gore,Sandbox,First-Person,FPS","https://shared.akamai.steamstatic.com/store_item_assets/steam/apps/1174180/ss_66b553f4c209476d3e4ce25fa4714002cc914c4f.1920x1080.jpg?t=1759502961,https://shared.akamai.steamstatic.com/store_item_assets/steam/apps/1174180/ss_bac60bacbf5da8945103648c08d27d5e202444ca.1920x1080.jpg?t=1759502961,https://shared.akamai.steamstatic.com/store_item_assets/steam/apps/1174180/ss_668dafe477743f8b50b818d5bbfcec669e9ba93e.1920x1080.jpg?t=1759502961,https://shared.akamai.steamstatic.com/store_item_assets/steam/apps/1174180/ss_4ce07ae360b166f0f650e9a895a3b4b7bf15e34f.1920x1080.jpg?t=1759502961,https://shared.akamai.steamstatic.com/store_item_assets/steam/apps/1174180/ss_d1a8f5a69155c3186c65d1da90491fcfd43663d9.1920x1080.jpg?t=1759502961",
1466640,Road 96 🛣️,"Aug 16, 2021",500000 - 1000000,144,0,4.99,75,3,"Summer 1996, Today is the day! You hit the road. Adventure. Freedom. Escape. Run. Flee the Regime. Try to survive. On this risky road trip to the border, you’ll meet incredible characters, and discover their intertwined stories and secrets in an ever-evolving adventure. But every mile opens up a choice to make. Your decisions will change your adventure, change the people you meet, maybe even change the world. There are thousands of roads across the authoritarian nation of Petria. Which one will you take? Road 96 is a crazy, beautiful road-trip. The discovery of exciting places, and unusual people on your own personal journey to freedom. An ever-evolving story-driven adventure inspired by Tarantino, The Coen Brothers, and Bong Joon-ho. Made by the award-winning creators of Valiant Hearts and Memories Retold. Announced as part of the OMEN Presents initiative from HP Inc. Moments of action, exploration, contemplative melancholy, human encounters and wacky situations. Set against a backdrop of authoritarian rule and oppression. A stunning visual style, a soundtrack filled with 90s hits, and a thousand routes through the game combine so each player can create their own unique stories on Road 96.","['English', 'French', 'Italian', 'German', 'Spanish - Spain', 'Japanese', 'Portuguese - Brazil', 'Russian', 'Simplified Chinese', 'Traditional Chinese', 'Polish']","['English', 'Polish']","“one of the best indie video games of the whole year” 90 – IGN “Often funny, hard-hitting, and tense, Road 96 is a wonderful game” 9 – God is a Geek “Interactive storytelling at its finest” 100 – NME",https://shared.akamai.steamstatic.com/store_item_assets/steam/apps/1466640/header.jpg?t=1766052908,https://road96.com/,https://bugreporting.thqnordic.com/#/projects/179/road-96-thqn/add-issue,,True,False,False,79,https://www.metacritic.com/game/pc/road-96?ftag=MCD-06-10aaa1f,0,19660,1758,,12,19753,,321,103,264,103,Digixart,THQ Nordic,"Single-player,Steam Achievements,Full controller support,Steam Trading Cards,Captions available,Steam Cloud,Remote Play on Phone,Remote Play on Tablet,Remote Play on TV,HDR available,Family Sharing","Action,Adventure,Indie","First-Person,Colorful,1990's,Adventure,Choices Matter,Story Rich,Atmospheric,Multiple Endings,Narration,Choose Your Own Adventure,Dystopian,Exploration,Singleplayer,Emotional,Political,Procedural Generation,Interactive Fiction,Dynamic Narration,Action,Nonlinear","https://shared.akamai.steamstatic.com/store_item_assets/steam/apps/1466640/ss_f6a0005ca992d3a43b23a0629daae9a5935320dd.1920x1080.jpg?t=1766052908,https://shared.akamai.steamstatic.com/store_item_assets/steam/apps/1466640/ss_f98823c82d0cbf9b9480bfe56c18d673a0e954b0.1920x1080.jpg?t=1766052908,https://shared.akamai.steamstatic.com/store_item_assets/steam/apps/1466640/ss_bce0d673243b261c04fa2714e6de291ee3ed1bd6.1920x1080.jpg?t=1766052908,https://shared.akamai.steamstatic.com/store_item_assets/steam/apps/1466640/ss_33c4c5e2c578064942b6e32f7df4b57b9f4a066b.1920x1080.jpg?t=1766052908,https://shared.akamai.steamstatic.com/store_item_assets/steam/apps/1466640/ss_79a58c22ac396849087d3bc8c262ccfdc70027ed.1920x1080.jpg?t=1766052908,https://shared.akamai.steamstatic.com/store_item_assets/steam/apps/1466640/ss_2eea21298b48130fb2e4f175839d710f95686b88.1920x1080.jpg?t=1766052908,https://shared.akamai.steamstatic.com/store_item_assets/steam/apps/1466640/ss_7fe96e9652dc3a007eb6bbe8ff87cdb4aeef7848.1920x1080.jpg?t=1766052908,https://shared.akamai.steamstatic.com/store_item_assets/steam/apps/1466640/ss_e31d9396b14d9f18d40ec404ac629dba6b4ba9ba.1920x1080.jpg?t=1766052908,https://shared.akamai.steamstatic.com/store_item_assets/steam/apps/1466640/ss_ff6cab1031b46bd5cccd6227422c8302f88a07e2.1920x1080.jpg?t=1766052908,https://shared.akamai.steamstatic.com/store_item_assets/steam/apps/1466640/ss_a78bfae7e08edf06ff9806f3c6f914b6da7dc8b1.1920x1080.jpg?t=1766052908",
2095340,Road 96: Mile 0,"Apr 4, 2023",100000 - 200000,6,0,3.24,75,2,"Road 96: Mile 0 is a Narrative-Adventure game with a musical component created by DigixArt, the French studio behind the successful Road 96, 11-11 Memories Retold and 5 Pegases Awards winner. Published by Ravenscourt, players will alternate between the roles of Zoe and Kaito, two teenagers with different backgrounds and beliefs. They live and explore White Sands, a luxurious condominium where Petria´s elite reside and where Kaito´s parents work. Zoe is one of the characters of Road 96. She comes from the rich side of the city and her father works for the government. Kaito, a character from Lost in Harmony, lives in the less privileged area. They're good friends, but that could all change quite soon. Their journey in Road 96: Mile 0 will challenge their friendship and everything they believe in. They say money doesn’t buy happiness, nor friendship. These teens are dreamers and they are going to learn where they belong. Will they remain friends? Road 96 World Understand the previous event of Road 96 and what made Zoe flee from her home. Play as Zoe and Kaito to shape the evolution of their fate. Besides this, you will run into many of the colorful characters from Road 96. Get to experience another side of the troubled country of Petria. It's All About Friendship This is a story about conflict and difference of opinion between two friends. Zoe and Kaito come from two different worlds, but they are unified by a powerful friendship. They will face many challenges, can they overcome them? Musical Rides The musical segments of the game are a real emotional experience that put you into inner worlds of Zoe and Kaito. You will have to make choices and ride and dodge to find your way through these beautiful psychedelic trips.","['English', 'French', 'Italian', 'German', 'Spanish - Spain', 'Japanese', 'Polish', 'Portuguese - Brazil', 'Russian', 'Simplified Chinese', 'Traditional Chinese']","['English', 'Traditional Chinese']",,https://shared.akamai.steamstatic.com/store_item_assets/steam/apps/2095340/header.jpg?t=1766052858,https://road96.com/,https://bugreporting.thqnordic.com/#/projects/179/road-96-thqn/add-issue,,True,False,False,0,,0,1128,528,,15,1652,"The game features very few instances of depicted violence, scary scenes, and topics which some people might find unappropiate.",203,532,194,532,Digixart,"Digixart,THQ Nordic","Single-player,Steam Achievements,Full controller support,Steam Cloud,Steam Leaderboards,Remote Play on Phone,Remote Play on Tablet,Remote Play on TV,Family Sharing","Action,Adventure,Casual,Indie","Choose Your Own Adventure,Exploration,Interactive Fiction,Visual Novel,Walking Simulator,3D,First-Person,Choices Matter,Conversation,Casual,Multiple Endings,Story Rich,Stylized,Dystopian,Colorful,Emotional,Investigation,Adventure,Singleplayer,Narrative","https://shared.akamai.steamstatic.com/store_item_assets/steam/apps/2095340/ss_f5d530197a78718b440a8134ea7bf0761f943df8.1920x1080.jpg?t=1766052858,https://shared.akamai.steamstatic.com/store_item_assets/steam/apps/2095340/ss_b89d423ac98a2dddf3e0e8c3a68d50e6533f8e1f.1920x1080.jpg?t=1766052858,https://shared.akamai.steamstatic.com/store_item_assets/steam/apps/2095340/ss_fd94aacb9def2980ded507e654f04c80bb4db9a4.1920x1080.jpg?t=1766052858,https://shared.akamai.steamstatic.com/store_item_assets/steam/apps/2095340/ss_0b1059a5f1a9986d35c1f20c147316b976dc7b70.1920x1080.jpg?t=1766052858,https://shared.akamai.steamstatic.com/store_item_assets/steam/apps/2095340/ss_08f80f03f8302421c73c5d279e6ea3b492e1a990.1920x1080.jpg?t=1766052858,https://shared.akamai.steamstatic.com/store_item_assets/steam/apps/2095340/ss_bdda9a4bda1dc16da7d0c83375f72f9f5196488a.1920x1080.jpg?t=1766052858,https://shared.akamai.steamstatic.com/store_item_assets/steam/apps/2095340/ss_886b230f3757563ff284f8c990db408ef132a1ee.1920x1080.jpg?t=1766052858,https://shared.akamai.steamstatic.com/store_item_assets/steam/apps/2095340/ss_bd333e9509b598bc58df2e037137086649c538f4.1920x1080.jpg?t=1766052858",
2239550,Watch Dogs®: Legion,"Jan 26, 2023",200000 - 500000,197,0,5.99,90,2,"Build a resistance made from anyone in the world to take back a near-future London that is facing its downfall. Recipient of over 65 E3 awards and nominations. Recruit and play as anyone from London. Everyone you see has a unique backstory, personality, and skill set for unique situations. Hack armed drones, deploy spider-bots, and take down enemies using an Augmented Reality Cloak. Explore a massive urban open world featuring London’s many iconic landmarks and fun side activities. Team up with your friends as you complete co-op missions and unique game modes. Upgrade to the Gold Edition or Ultimate Edition for access to the season pass and more!","['English', 'French', 'Italian', 'German', 'Spanish - Spain', 'Arabic', 'Dutch', 'Japanese', 'Polish', 'Russian', 'Simplified Chinese', 'Spanish - Latin America', 'Traditional Chinese', 'Korean', 'Portuguese - Brazil']","['English', 'French', 'Italian', 'German', 'Spanish - Spain', 'Japanese', 'Russian', 'Portuguese - Brazil']",,https://shared.akamai.steamstatic.com/store_item_assets/steam/apps/2239550/header.jpg?t=1747655055,https://watchdogs.ubisoft.com/,https://support.ubi.com/,,True,False,False,0,,0,5796,4334,,49,10696,"Players use melee weapons (e.g., pipes, crowbars) and firearms (e.g., pistols, machine guns, assault rifles) to kill enemies; combat can be frenetic, highlighted by realistic gunfire, slow-motion effects, cries of pain, and blood-splatter. Cut scenes depict further instances of violence, The game contains some sexual material.",938,5,356,5,Ubisoft Toronto,Ubisoft,"Single-player,Multi-player,PvP,Online PvP,Co-op,Online Co-op,Steam Achievements,Captions available,In-App Purchases,Partial Controller Support,HDR available","Action,Adventure","Action,Open World,Adventure,Multiplayer,RPG,Hacking,Shooter,Cyberpunk,Co-op,Third Person,Realistic,Singleplayer,Online Co-Op,Action-Adventure,Third-Person Shooter,Choose Your Own Adventure,Exploration,Driving,Dystopian,Underground","https://shared.akamai.steamstatic.com/store_item_assets/steam/apps/2239550/ss_34defa8d443c27fd4c925b37841e4d3f8c08895b.1920x1080.jpg?t=1747655055,https://shared.akamai.steamstatic.com/store_item_assets/steam/apps/2239550/ss_9662b544cefb82f3d500c911f24ed58d1d0d9d9d.1920x1080.jpg?t=1747655055,https://shared.akamai.steamstatic.com/store_item_assets/steam/apps/2239550/ss_6d0a08002410c1054d76e32edfc92e926b946419.1920x1080.jpg?t=1747655055,https://shared.akamai.steamstatic.com/store_item_assets/steam/apps/2239550/ss_be16b7c7c36e8fe087b36e69a11c94f76ef34cc0.1920x1080.jpg?t=1747655055,https://shared.akamai.steamstatic.com/store_item_assets/steam/apps/2239550/ss_280d99f0c7bd84b12e4ac5d3b5fdd9bc4bb74d02.1920x1080.jpg?t=1747655055",
